id,link
6210,https://www.tripadvisor.it/Restaurant_Review-g187849-d25277571-Reviews-Il_Cappellaio_Matto-Milan_Lombardy.html
6211,https://www.tripadvisor.it/Restaurant_Review-g187849-d23481320-Reviews-Officina_Design_Cafe-Milan_Lombardy.html
6212,https://www.tripadvisor.it/Restaurant_Review-g187849-d23579500-Reviews-Goga_Caffe-Milan_Lombardy.html
6213,https://www.tripadvisor.it/Restaurant_Review-g187849-d25136896-Reviews-Tierra_Milano-Milan_Lombardy.html
6214,https://www.tripadvisor.it/Restaurant_Review-g187849-d23540256-Reviews-Piadina_Piu_Milano-Milan_Lombardy.html
6215,https://www.tripadvisor.it/Restaurant_Review-g187849-d21197972-Reviews-Kung_Fu_Bao_2-Milan_Lombardy.html
6216,https://www.tripadvisor.it/Restaurant_Review-g187849-d23737447-Reviews-Milano-Milan_Lombardy.html
6217,https://www.tripadvisor.it/Restaurant_Review-g187849-d21222471-Reviews-Dolcedipendenza-Milan_Lombardy.html
6218,https://www.tripadvisor.it/Restaurant_Review-g187849-d19103506-Reviews-Xiaoshihou-Milan_Lombardy.html
6219,https://www.tripadvisor.it/Restaurant_Review-g187849-d20911357-Reviews-C_e_Posto_Per_Te-Milan_Lombardy.html
6220,https://www.tripadvisor.it/Restaurant_Review-g187849-d20831859-Reviews-Bar_C_G_Drink-Milan_Lombardy.html
6221,https://www.tripadvisor.it/Restaurant_Review-g187849-d21397630-Reviews-Il_Pane_Di_Luca-Milan_Lombardy.html
6222,https://www.tripadvisor.it/Restaurant_Review-g187849-d20831663-Reviews-Bar_Happy_Days-Milan_Lombardy.html
6223,https://www.tripadvisor.it/Restaurant_Review-g187849-d20831634-Reviews-American_Fried_Chicken-Milan_Lombardy.html
6224,https://www.tripadvisor.it/Restaurant_Review-g187849-d20831632-Reviews-Pepe_Nero_Cafe-Milan_Lombardy.html
6225,https://www.tripadvisor.it/Restaurant_Review-g187849-d20831630-Reviews-Sultan_Kebap-Milan_Lombardy.html
6226,https://www.tripadvisor.it/Restaurant_Review-g187849-d23557654-Reviews-Bar_Manu-Milan_Lombardy.html
6227,https://www.tripadvisor.it/Restaurant_Review-g187849-d21379715-Reviews-Istanbul_In_Europa-Milan_Lombardy.html
6228,https://www.tripadvisor.it/Restaurant_Review-g187849-d25254155-Reviews-Luca_Cucina_D_Autore_E_Bistrot-Milan_Lombardy.html
6229,https://www.tripadvisor.it/Restaurant_Review-g187849-d18936381-Reviews-Chiosco_Burger_Bonomelli-Milan_Lombardy.html
6230,https://www.tripadvisor.it/Restaurant_Review-g187849-d20060038-Reviews-La_Scighera-Milan_Lombardy.html
6231,https://www.tripadvisor.it/Restaurant_Review-g187849-d20724085-Reviews-Bar_Stella_d_Oro-Milan_Lombardy.html
6232,https://www.tripadvisor.it/Restaurant_Review-g187849-d20831805-Reviews-Dino_s_Bar-Milan_Lombardy.html
6233,https://www.tripadvisor.it/Restaurant_Review-g187849-d21192567-Reviews-Bullfrog-Milan_Lombardy.html
6234,https://www.tripadvisor.it/Restaurant_Review-g187849-d25151853-Reviews-El_Tacomaki_Isola-Milan_Lombardy.html
6235,https://www.tripadvisor.it/Restaurant_Review-g187849-d23306536-Reviews-Ares_Cafe-Milan_Lombardy.html
6236,https://www.tripadvisor.it/Restaurant_Review-g187849-d21294000-Reviews-Ciapa_Su_Bar-Milan_Lombardy.html
6237,https://www.tripadvisor.it/Restaurant_Review-g187849-d23814396-Reviews-Steakhouse_Da_Franco-Milan_Lombardy.html
6238,https://www.tripadvisor.it/Restaurant_Review-g187849-d23814419-Reviews-Bar_Girasole-Milan_Lombardy.html
6239,https://www.tripadvisor.it/Restaurant_Review-g187849-d23814445-Reviews-Bar_Girasole-Milan_Lombardy.html
6240,https://www.tripadvisor.it/Restaurant_Review-g187849-d25151718-Reviews-So_Garden_Cafe-Milan_Lombardy.html
6241,https://www.tripadvisor.it/Restaurant_Review-g187849-d25151737-Reviews-Ghe_sem_cadore-Milan_Lombardy.html
6242,https://www.tripadvisor.it/Restaurant_Review-g187849-d25151740-Reviews-Win_Love_Hamburger-Milan_Lombardy.html
6243,https://www.tripadvisor.it/Restaurant_Review-g187849-d24997375-Reviews-Bar_Melissa-Milan_Lombardy.html
6244,https://www.tripadvisor.it/Restaurant_Review-g187849-d21293865-Reviews-Bar_Pizzeria_Molino_Dorino-Milan_Lombardy.html
6245,https://www.tripadvisor.it/Restaurant_Review-g187849-d25151758-Reviews-Terrazza_Furore-Milan_Lombardy.html
6246,https://www.tripadvisor.it/Restaurant_Review-g187849-d25151751-Reviews-Minami_milano-Milan_Lombardy.html
6247,https://www.tripadvisor.it/Restaurant_Review-g187849-d23557522-Reviews-Pedde_s_Cafe-Milan_Lombardy.html
6248,https://www.tripadvisor.it/Restaurant_Review-g187849-d23196768-Reviews-Birtos-Milan_Lombardy.html
6249,https://www.tripadvisor.it/Restaurant_Review-g187849-d21140292-Reviews-Bar_Fratelli-Milan_Lombardy.html
6250,https://www.tripadvisor.it/Restaurant_Review-g187849-d23557653-Reviews-Mister_Panzerotto_4-Milan_Lombardy.html
6251,https://www.tripadvisor.it/Restaurant_Review-g187849-d21140303-Reviews-Rebus_con_Cucina-Milan_Lombardy.html
6252,https://www.tripadvisor.it/Restaurant_Review-g187849-d21140335-Reviews-Ciccio_Pizza-Milan_Lombardy.html
6253,https://www.tripadvisor.it/Restaurant_Review-g187849-d21140336-Reviews-Angolo_Bar-Milan_Lombardy.html
6254,https://www.tripadvisor.it/Restaurant_Review-g187849-d20831855-Reviews-Greco_39-Milan_Lombardy.html
6255,https://www.tripadvisor.it/Restaurant_Review-g187849-d23506394-Reviews-Caipiroska_Bar-Milan_Lombardy.html
6256,https://www.tripadvisor.it/Restaurant_Review-g187849-d23557541-Reviews-I_Siciliani-Milan_Lombardy.html
6257,https://www.tripadvisor.it/Restaurant_Review-g187849-d23557543-Reviews-Ristorante_Pizzeria_Bar_Il_Golfo-Milan_Lombardy.html
6258,https://www.tripadvisor.it/Restaurant_Review-g187849-d20984667-Reviews-Panificio_Principe-Milan_Lombardy.html
6259,https://www.tripadvisor.it/Restaurant_Review-g187849-d21397757-Reviews-Concept_Caffe-Milan_Lombardy.html
6260,https://www.tripadvisor.it/Restaurant_Review-g187849-d20984635-Reviews-Cialda_Time-Milan_Lombardy.html
6261,https://www.tripadvisor.it/Restaurant_Review-g187849-d24122218-Reviews-Wine_Witness-Milan_Lombardy.html
6262,https://www.tripadvisor.it/Restaurant_Review-g187849-d24122175-Reviews-Winewitness-Milan_Lombardy.html
6263,https://www.tripadvisor.it/Restaurant_Review-g187849-d21140311-Reviews-Bar_Sottovoce-Milan_Lombardy.html
6264,https://www.tripadvisor.it/Restaurant_Review-g187849-d20060039-Reviews-Wasana_Restaurant-Milan_Lombardy.html
6265,https://www.tripadvisor.it/Restaurant_Review-g187849-d21140314-Reviews-Well_Done_Bar-Milan_Lombardy.html
6266,https://www.tripadvisor.it/Restaurant_Review-g187849-d17794546-Reviews-Lucky_Bar-Milan_Lombardy.html
6267,https://www.tripadvisor.it/Restaurant_Review-g187849-d24069720-Reviews-La_Calabrisella-Milan_Lombardy.html
6268,https://www.tripadvisor.it/Restaurant_Review-g187849-d20931738-Reviews-Magic_Bar-Milan_Lombardy.html
6269,https://www.tripadvisor.it/Restaurant_Review-g187849-d20931737-Reviews-Bar_Il_Picchio-Milan_Lombardy.html
6270,https://www.tripadvisor.it/Restaurant_Review-g187849-d23246213-Reviews-Bar_Art-Milan_Lombardy.html
6271,https://www.tripadvisor.it/Restaurant_Review-g187849-d20832433-Reviews-Bar_Britannia-Milan_Lombardy.html
6272,https://www.tripadvisor.it/Restaurant_Review-g187849-d21502351-Reviews-Luna_Bar-Milan_Lombardy.html
6273,https://www.tripadvisor.it/Restaurant_Review-g187849-d17433638-Reviews-Sante_Bottega-Milan_Lombardy.html
6274,https://www.tripadvisor.it/Restaurant_Review-g187849-d22885952-Reviews-Godo_Sostanza_Italiana-Milan_Lombardy.html
6275,https://www.tripadvisor.it/Restaurant_Review-g187849-d21393957-Reviews-Panificio_Moia-Milan_Lombardy.html
6276,https://www.tripadvisor.it/Restaurant_Review-g187849-d21393950-Reviews-Bar_Nobilis-Milan_Lombardy.html
6277,https://www.tripadvisor.it/Restaurant_Review-g187849-d24171515-Reviews-Pugliese_Imbottito-Milan_Lombardy.html
6278,https://www.tripadvisor.it/Restaurant_Review-g187849-d20879541-Reviews-Cupido_Bar-Milan_Lombardy.html
6279,https://www.tripadvisor.it/Restaurant_Review-g187849-d20879538-Reviews-Peter_Bar-Milan_Lombardy.html
6280,https://www.tripadvisor.it/Restaurant_Review-g187849-d21033563-Reviews-Panificio_Marghera-Milan_Lombardy.html
6281,https://www.tripadvisor.it/Restaurant_Review-g187849-d25045482-Reviews-Turkish_Pasa_Kebab-Milan_Lombardy.html
6282,https://www.tripadvisor.it/Restaurant_Review-g187849-d25045468-Reviews-Huba_Cafe-Milan_Lombardy.html
6283,https://www.tripadvisor.it/Restaurant_Review-g187849-d8019681-Reviews-Armando-Milan_Lombardy.html
6284,https://www.tripadvisor.it/Restaurant_Review-g187849-d25155404-Reviews-Bella_Vista_Istanbul_1_Non_Solo_Kebab_Pizzeria_Paninoteca-Milan_Lombardy.html
6285,https://www.tripadvisor.it/Restaurant_Review-g187849-d21347455-Reviews-Carrefour_Express-Milan_Lombardy.html
6286,https://www.tripadvisor.it/Restaurant_Review-g187849-d21503692-Reviews-Bar_Destino-Milan_Lombardy.html
6287,https://www.tripadvisor.it/Restaurant_Review-g187849-d17792411-Reviews-Risto_Bar_Ristorante_Pizzeria-Milan_Lombardy.html
6288,https://www.tripadvisor.it/Restaurant_Review-g187849-d17792406-Reviews-Lucky_Bar-Milan_Lombardy.html
6289,https://www.tripadvisor.it/Restaurant_Review-g187849-d21400983-Reviews-Caffe_Del_Corso-Milan_Lombardy.html
6290,https://www.tripadvisor.it/Restaurant_Review-g187849-d23913312-Reviews-SmokeONE-Milan_Lombardy.html
6291,https://www.tripadvisor.it/Restaurant_Review-g187849-d23758915-Reviews-Oasis_Cafe-Milan_Lombardy.html
6292,https://www.tripadvisor.it/Restaurant_Review-g187849-d25011306-Reviews-Gelmetti_1952-Milan_Lombardy.html
6293,https://www.tripadvisor.it/Restaurant_Review-g187849-d17329011-Reviews-Ristorante_Specialite_Cucina_Cinese-Milan_Lombardy.html
6294,https://www.tripadvisor.it/Restaurant_Review-g187849-d20938565-Reviews-Pizza_Kebab_viale_Tibaldi-Milan_Lombardy.html
6295,https://www.tripadvisor.it/Restaurant_Review-g187849-d20980947-Reviews-Happy_Bar-Milan_Lombardy.html
6296,https://www.tripadvisor.it/Restaurant_Review-g187849-d25258963-Reviews-Ungaro_1956-Milan_Lombardy.html
6297,https://www.tripadvisor.it/Restaurant_Review-g187849-d17586083-Reviews-Bocconcino-Milan_Lombardy.html
6298,https://www.tripadvisor.it/Restaurant_Review-g187849-d24838661-Reviews-Rosticceria_Sal_Pimienta-Milan_Lombardy.html
6299,https://www.tripadvisor.it/Restaurant_Review-g187849-d24067049-Reviews-Santa_Sofia_Istanbul_Kebap-Milan_Lombardy.html
6300,https://www.tripadvisor.it/Restaurant_Review-g187849-d24067045-Reviews-Bar_Da_Luca-Milan_Lombardy.html
6301,https://www.tripadvisor.it/Restaurant_Review-g187849-d24067044-Reviews-Bar_Degli_Amici-Milan_Lombardy.html
6302,https://www.tripadvisor.it/Restaurant_Review-g187849-d24067039-Reviews-Pikeito-Milan_Lombardy.html
6303,https://www.tripadvisor.it/Restaurant_Review-g187849-d25198621-Reviews-Ocean_Restaurant-Milan_Lombardy.html
6304,https://www.tripadvisor.it/Restaurant_Review-g187849-d23973290-Reviews-Ichi_Station-Milan_Lombardy.html
6305,https://www.tripadvisor.it/Restaurant_Review-g187849-d25198606-Reviews-Amaranto_Bistrot_Fleuri-Milan_Lombardy.html
6306,https://www.tripadvisor.it/Restaurant_Review-g187849-d25198602-Reviews-Airness_Restaurant_and_Cafe-Milan_Lombardy.html
6307,https://www.tripadvisor.it/Restaurant_Review-g187849-d15631319-Reviews-Il_Malabar-Milan_Lombardy.html
6308,https://www.tripadvisor.it/Restaurant_Review-g187849-d23501171-Reviews-Ottobono_Caffe-Milan_Lombardy.html
6309,https://www.tripadvisor.it/Restaurant_Review-g187849-d20373218-Reviews-Viola_Cafe-Milan_Lombardy.html
6310,https://www.tripadvisor.it/Restaurant_Review-g187849-d25076968-Reviews-Calipsofischbar_Milano-Milan_Lombardy.html
6311,https://www.tripadvisor.it/Restaurant_Review-g187849-d25198257-Reviews-Samar_Indian_Restaurant-Milan_Lombardy.html
6312,https://www.tripadvisor.it/Restaurant_Review-g187849-d25094945-Reviews-Da_Carlo_Bar-Milan_Lombardy.html
6313,https://www.tripadvisor.it/Restaurant_Review-g187849-d20054111-Reviews-Bar_Virgilio-Milan_Lombardy.html
6314,https://www.tripadvisor.it/Restaurant_Review-g187849-d21134286-Reviews-Amobistrot-Milan_Lombardy.html
6315,https://www.tripadvisor.it/Restaurant_Review-g187849-d25257268-Reviews-Panificio_Pasticceria_Brianti-Milan_Lombardy.html
6316,https://www.tripadvisor.it/Restaurant_Review-g187849-d25257275-Reviews-U_Ver_Panzarott_Bares_D_Pagnott-Milan_Lombardy.html
6317,https://www.tripadvisor.it/Restaurant_Review-g187849-d25197549-Reviews-Giorgi_s_Bar_Cafe-Milan_Lombardy.html
6318,https://www.tripadvisor.it/Restaurant_Review-g187849-d21351298-Reviews-Peccati_Di_Gola-Milan_Lombardy.html
6319,https://www.tripadvisor.it/Restaurant_Review-g187849-d21339735-Reviews-Il_Caffe_Ambrosiano-Milan_Lombardy.html
6320,https://www.tripadvisor.it/Restaurant_Review-g187849-d25146051-Reviews-Panificio_Pasticceria_Silvia_E_Stefano-Milan_Lombardy.html
6321,https://www.tripadvisor.it/Restaurant_Review-g187849-d25260744-Reviews-Colombo99-Milan_Lombardy.html
6322,https://www.tripadvisor.it/Restaurant_Review-g187849-d21390598-Reviews-Snoopy_Bar-Milan_Lombardy.html
6323,https://www.tripadvisor.it/Restaurant_Review-g187849-d21351907-Reviews-Golden_Bar-Milan_Lombardy.html
6324,https://www.tripadvisor.it/Restaurant_Review-g187849-d21390451-Reviews-Best_Turkish_Kebab-Milan_Lombardy.html
6325,https://www.tripadvisor.it/Restaurant_Review-g187849-d21390450-Reviews-Turkish_Kebab-Milan_Lombardy.html
6326,https://www.tripadvisor.it/Restaurant_Review-g187849-d21390448-Reviews-Risto_Self_Restaurant-Milan_Lombardy.html
6327,https://www.tripadvisor.it/Restaurant_Review-g187849-d21390441-Reviews-Panificio_Marinoni-Milan_Lombardy.html
6328,https://www.tripadvisor.it/Restaurant_Review-g187849-d23602217-Reviews-Yumcha_Cargo_Hi_Tech-Milan_Lombardy.html
6329,https://www.tripadvisor.it/Restaurant_Review-g187849-d20104428-Reviews-Meeting_Caffe-Milan_Lombardy.html
6330,https://www.tripadvisor.it/Restaurant_Review-g187849-d8339594-Reviews-Bar_Firenze-Milan_Lombardy.html
6331,https://www.tripadvisor.it/Restaurant_Review-g187849-d20413037-Reviews-Alibi-Milan_Lombardy.html
6332,https://www.tripadvisor.it/Restaurant_Review-g187849-d23447699-Reviews-Mr_Baguette_Milano-Milan_Lombardy.html
6333,https://www.tripadvisor.it/Restaurant_Review-g187849-d23512508-Reviews-Shira_Sushi-Milan_Lombardy.html
6334,https://www.tripadvisor.it/Restaurant_Review-g187849-d23718302-Reviews-Bbq_1_Filipino_Style_BBQ_Cuisine-Milan_Lombardy.html
6335,https://www.tripadvisor.it/Restaurant_Review-g187849-d24129828-Reviews-Baarebo_Chiosco-Milan_Lombardy.html
6336,https://www.tripadvisor.it/Restaurant_Review-g187849-d8339909-Reviews-Cavour_Interno_Fast-Milan_Lombardy.html
6337,https://www.tripadvisor.it/Restaurant_Review-g187849-d24798474-Reviews-Seipuntocinque-Milan_Lombardy.html
6338,https://www.tripadvisor.it/Restaurant_Review-g187849-d25107118-Reviews-Like_Nature-Milan_Lombardy.html
6339,https://www.tripadvisor.it/Restaurant_Review-g187849-d25107120-Reviews-Godo_Palestro-Milan_Lombardy.html
6340,https://www.tripadvisor.it/Restaurant_Review-g187849-d23344428-Reviews-La_Bottega_Del_Corso-Milan_Lombardy.html
6341,https://www.tripadvisor.it/Restaurant_Review-g187849-d25195896-Reviews-Bellavia_Burger_Lab-Milan_Lombardy.html
6342,https://www.tripadvisor.it/Restaurant_Review-g187849-d23755590-Reviews-Bar_Sandi-Milan_Lombardy.html
6343,https://www.tripadvisor.it/Restaurant_Review-g187849-d20412157-Reviews-Pizzeria_da_Asporto_Regina-Milan_Lombardy.html
6344,https://www.tripadvisor.it/Restaurant_Review-g187849-d20977919-Reviews-Caffe_Ninfea-Milan_Lombardy.html
6345,https://www.tripadvisor.it/Restaurant_Review-g187849-d10947693-Reviews-University_s_Bar-Milan_Lombardy.html
6346,https://www.tripadvisor.it/Restaurant_Review-g187849-d25107692-Reviews-Cubemilanobrera-Milan_Lombardy.html
6347,https://www.tripadvisor.it/Restaurant_Review-g187849-d17325734-Reviews-Insalaty-Milan_Lombardy.html
6348,https://www.tripadvisor.it/Restaurant_Review-g187849-d23102087-Reviews-Bar_L_artista-Milan_Lombardy.html
6349,https://www.tripadvisor.it/Restaurant_Review-g187849-d19897377-Reviews-Family_Coffee-Milan_Lombardy.html
6350,https://www.tripadvisor.it/Restaurant_Review-g187849-d19588596-Reviews-Sultana-Milan_Lombardy.html
6351,https://www.tripadvisor.it/Restaurant_Review-g187849-d25108293-Reviews-Mizzica-Milan_Lombardy.html
6352,https://www.tripadvisor.it/Restaurant_Review-g187849-d25108310-Reviews-Dalle_Ragazze-Milan_Lombardy.html
6353,https://www.tripadvisor.it/Restaurant_Review-g187849-d19125473-Reviews-Skylight_Bar-Milan_Lombardy.html
6354,https://www.tripadvisor.it/Restaurant_Review-g187849-d21131478-Reviews-Bar_Amici-Milan_Lombardy.html
6355,https://www.tripadvisor.it/Restaurant_Review-g187849-d10226617-Reviews-Gnammy_Cafe-Milan_Lombardy.html
6356,https://www.tripadvisor.it/Restaurant_Review-g187849-d24028887-Reviews-Gelateria_Grom_San_Babila-Milan_Lombardy.html
6357,https://www.tripadvisor.it/Restaurant_Review-g187849-d21336566-Reviews-Esubeerante-Milan_Lombardy.html
6358,https://www.tripadvisor.it/Restaurant_Review-g187849-d25245602-Reviews-Come_Vuoi_Pane_Condimenti-Milan_Lombardy.html
6359,https://www.tripadvisor.it/Restaurant_Review-g187849-d24062529-Reviews-Mitology_Lounge_Bar-Milan_Lombardy.html
6360,https://www.tripadvisor.it/Restaurant_Review-g187849-d17324171-Reviews-Pizzeria_Padre_Pio_2-Milan_Lombardy.html
6361,https://www.tripadvisor.it/Restaurant_Review-g187849-d21387626-Reviews-Pane_E_Focaccia_A_Milano-Milan_Lombardy.html
6362,https://www.tripadvisor.it/Restaurant_Review-g187849-d20821750-Reviews-Pizzeria_Da_Asporto_Kebab_Del_Maestro-Milan_Lombardy.html
6363,https://www.tripadvisor.it/Restaurant_Review-g187849-d20821741-Reviews-Caffe_Jesi-Milan_Lombardy.html
6364,https://www.tripadvisor.it/Restaurant_Review-g187849-d20821740-Reviews-Pane_E_Cioccolato-Milan_Lombardy.html
6365,https://www.tripadvisor.it/Restaurant_Review-g187849-d20821736-Reviews-Pizzeria_Santa_Maria-Milan_Lombardy.html
6366,https://www.tripadvisor.it/Restaurant_Review-g187849-d20821730-Reviews-Sapori_Reali-Milan_Lombardy.html
6367,https://www.tripadvisor.it/Restaurant_Review-g187849-d20821726-Reviews-Nino_Verace_Bar-Milan_Lombardy.html
6368,https://www.tripadvisor.it/Restaurant_Review-g187849-d20821723-Reviews-Nuit_Cafe-Milan_Lombardy.html
6369,https://www.tripadvisor.it/Restaurant_Review-g187849-d25156430-Reviews-Rodi-Milan_Lombardy.html
6370,https://www.tripadvisor.it/Restaurant_Review-g187849-d20377915-Reviews-Gelateria_Porta_Romana-Milan_Lombardy.html
6371,https://www.tripadvisor.it/Restaurant_Review-g187849-d25090776-Reviews-Maison_Aubry-Milan_Lombardy.html
6372,https://www.tripadvisor.it/Restaurant_Review-g187849-d21130045-Reviews-Cafe_Verziere-Milan_Lombardy.html
6373,https://www.tripadvisor.it/Restaurant_Review-g187849-d21130038-Reviews-Bar_Si-Milan_Lombardy.html
6374,https://www.tripadvisor.it/Restaurant_Review-g187849-d21376126-Reviews-Buonarroti_11-Milan_Lombardy.html
6375,https://www.tripadvisor.it/Restaurant_Review-g187849-d15677481-Reviews-Il_Caffe_di_Emilis-Milan_Lombardy.html
6376,https://www.tripadvisor.it/Restaurant_Review-g187849-d15677478-Reviews-Bar_Lisi-Milan_Lombardy.html
6377,https://www.tripadvisor.it/Restaurant_Review-g187849-d23927290-Reviews-Glory_Milano-Milan_Lombardy.html
6378,https://www.tripadvisor.it/Restaurant_Review-g187849-d25141704-Reviews-Billytacos-Milan_Lombardy.html
6379,https://www.tripadvisor.it/Restaurant_Review-g187849-d15780074-Reviews-Feat_Food-Milan_Lombardy.html
6380,https://www.tripadvisor.it/Restaurant_Review-g187849-d23742375-Reviews-Aethos_Kitchen-Milan_Lombardy.html
6381,https://www.tripadvisor.it/Restaurant_Review-g187849-d25090080-Reviews-Abcafe-Milan_Lombardy.html
6382,https://www.tripadvisor.it/Restaurant_Review-g187849-d19123362-Reviews-Dolcemente-Milan_Lombardy.html
6383,https://www.tripadvisor.it/Restaurant_Review-g187849-d21047333-Reviews-Giacomo_Milano-Milan_Lombardy.html
6384,https://www.tripadvisor.it/Restaurant_Review-g187849-d25089972-Reviews-Rom_antica_Milano_Sarpi-Milan_Lombardy.html
6385,https://www.tripadvisor.it/Restaurant_Review-g187849-d23742435-Reviews-Doping-Milan_Lombardy.html
6386,https://www.tripadvisor.it/Restaurant_Review-g187849-d25089955-Reviews-La_Schiscetta-Milan_Lombardy.html
6387,https://www.tripadvisor.it/Restaurant_Review-g187849-d25089942-Reviews-Pizzeria_L_aquila_Di_Kevin_1-Milan_Lombardy.html
6388,https://www.tripadvisor.it/Restaurant_Review-g187849-d25089933-Reviews-Lom_Dopolavoro-Milan_Lombardy.html
6389,https://www.tripadvisor.it/Restaurant_Review-g187849-d25089925-Reviews-Barbara_Bar-Milan_Lombardy.html
6390,https://www.tripadvisor.it/Restaurant_Review-g187849-d25089924-Reviews-Bar_99-Milan_Lombardy.html
6391,https://www.tripadvisor.it/Restaurant_Review-g187849-d25089923-Reviews-Haha_Garden-Milan_Lombardy.html
6392,https://www.tripadvisor.it/Restaurant_Review-g187849-d25089919-Reviews-Bar_Amico-Milan_Lombardy.html
6393,https://www.tripadvisor.it/Restaurant_Review-g187849-d25243832-Reviews-Restaurante_El_Guayaco-Milan_Lombardy.html
6394,https://www.tripadvisor.it/Restaurant_Review-g187849-d23546374-Reviews-Redo_Pizzeria_Birreria-Milan_Lombardy.html
6395,https://www.tripadvisor.it/Restaurant_Review-g187849-d20379240-Reviews-Bar_Girasole-Milan_Lombardy.html
6396,https://www.tripadvisor.it/Restaurant_Review-g187849-d23546371-Reviews-Redo_Pasticceria_Caffetteria-Milan_Lombardy.html
6397,https://www.tripadvisor.it/Restaurant_Review-g187849-d23546366-Reviews-Bar_Da_Davide-Milan_Lombardy.html
6398,https://www.tripadvisor.it/Restaurant_Review-g187849-d23392023-Reviews-Crema_Cioccolato_Ortica-Milan_Lombardy.html
6399,https://www.tripadvisor.it/Restaurant_Review-g187849-d20974454-Reviews-Bosforo-Milan_Lombardy.html
6400,https://www.tripadvisor.it/Restaurant_Review-g187849-d20200498-Reviews-Rita_s_Tiki_Room-Milan_Lombardy.html
6401,https://www.tripadvisor.it/Restaurant_Review-g187849-d23619611-Reviews-Spacca-Milan_Lombardy.html
6402,https://www.tripadvisor.it/Restaurant_Review-g187849-d24986486-Reviews-Galbusera_Tre_Marie_Bistrot_Caffetteria_Store-Milan_Lombardy.html
6403,https://www.tripadvisor.it/Restaurant_Review-g187849-d23803224-Reviews-Awtar_Cafe-Milan_Lombardy.html
6404,https://www.tripadvisor.it/Restaurant_Review-g187849-d23803202-Reviews-Feltre_Beach-Milan_Lombardy.html
6405,https://www.tripadvisor.it/Restaurant_Review-g187849-d17990794-Reviews-Family_Caffe-Milan_Lombardy.html
6406,https://www.tripadvisor.it/Restaurant_Review-g187849-d25089062-Reviews-Orto_Echo_Green-Milan_Lombardy.html
6407,https://www.tripadvisor.it/Restaurant_Review-g187849-d20974099-Reviews-Prelibatezze-Milan_Lombardy.html
6408,https://www.tripadvisor.it/Restaurant_Review-g187849-d20974096-Reviews-Dream_Caffe-Milan_Lombardy.html
6409,https://www.tripadvisor.it/Restaurant_Review-g187849-d24986159-Reviews-L_angolo_Del_Pane-Milan_Lombardy.html
6410,https://www.tripadvisor.it/Restaurant_Review-g187849-d24986138-Reviews-Caffetteria_Pasticceria_Mancino-Milan_Lombardy.html
6411,https://www.tripadvisor.it/Restaurant_Review-g187849-d24986137-Reviews-Bar_Twin-Milan_Lombardy.html
6412,https://www.tripadvisor.it/Restaurant_Review-g187849-d25088934-Reviews-Beijing_Traditional_Roll-Milan_Lombardy.html
6413,https://www.tripadvisor.it/Restaurant_Review-g187849-d25088933-Reviews-Jun_Tai_Tavola_Calda-Milan_Lombardy.html
6414,https://www.tripadvisor.it/Restaurant_Review-g187849-d25088932-Reviews-Fried_Skewers-Milan_Lombardy.html
6415,https://www.tripadvisor.it/Restaurant_Review-g187849-d25088931-Reviews-Mi_Yama-Milan_Lombardy.html
6416,https://www.tripadvisor.it/Restaurant_Review-g187849-d21357019-Reviews-Bar_Piceno-Milan_Lombardy.html
6417,https://www.tripadvisor.it/Restaurant_Review-g187849-d25088929-Reviews-El_Tacomaki_Sarpi53-Milan_Lombardy.html
6418,https://www.tripadvisor.it/Restaurant_Review-g187849-d25088927-Reviews-Pollo_Fritto-Milan_Lombardy.html
6419,https://www.tripadvisor.it/Restaurant_Review-g187849-d25088924-Reviews-Xiao_Hutong-Milan_Lombardy.html
6420,https://www.tripadvisor.it/Restaurant_Review-g187849-d25088920-Reviews-Mr_Pie-Milan_Lombardy.html
6421,https://www.tripadvisor.it/Restaurant_Review-g187849-d25088909-Reviews-Pao_Pao_Barbecue-Milan_Lombardy.html
6422,https://www.tripadvisor.it/Restaurant_Review-g187849-d23391471-Reviews-Pink_Bar-Milan_Lombardy.html
6423,https://www.tripadvisor.it/Restaurant_Review-g187849-d25088885-Reviews-Xian-Milan_Lombardy.html
6424,https://www.tripadvisor.it/Restaurant_Review-g187849-d25088872-Reviews-Prestin-Milan_Lombardy.html
6425,https://www.tripadvisor.it/Restaurant_Review-g187849-d25088867-Reviews-Bowls_And_More-Milan_Lombardy.html
6426,https://www.tripadvisor.it/Restaurant_Review-g187849-d23391439-Reviews-Rusty-Milan_Lombardy.html
6427,https://www.tripadvisor.it/Restaurant_Review-g187849-d23391433-Reviews-Roxy_Bar-Milan_Lombardy.html
6428,https://www.tripadvisor.it/Restaurant_Review-g187849-d25088836-Reviews-Panetteria_Pasticceria-Milan_Lombardy.html
6429,https://www.tripadvisor.it/Restaurant_Review-g187849-d24985952-Reviews-Bar_Speedy-Milan_Lombardy.html
6430,https://www.tripadvisor.it/Restaurant_Review-g187849-d24985951-Reviews-Cafe_Beverly-Milan_Lombardy.html
6431,https://www.tripadvisor.it/Restaurant_Review-g187849-d25088822-Reviews-GianGusto_Piadineria_Artigianale-Milan_Lombardy.html
6432,https://www.tripadvisor.it/Restaurant_Review-g187849-d24985944-Reviews-Il_Chioschetto_Calabrese-Milan_Lombardy.html
6433,https://www.tripadvisor.it/Restaurant_Review-g187849-d25088809-Reviews-Mr_Tea_Bar-Milan_Lombardy.html
6434,https://www.tripadvisor.it/Restaurant_Review-g187849-d25088807-Reviews-Good_Morning_Cafe-Milan_Lombardy.html
6435,https://www.tripadvisor.it/Restaurant_Review-g187849-d24025905-Reviews-Bar_Agnello-Milan_Lombardy.html
6436,https://www.tripadvisor.it/Restaurant_Review-g187849-d25088765-Reviews-Panificio_Sophia-Milan_Lombardy.html
6437,https://www.tripadvisor.it/Restaurant_Review-g187849-d25088761-Reviews-Pancaffe_Ramadan-Milan_Lombardy.html
6438,https://www.tripadvisor.it/Restaurant_Review-g187849-d25088754-Reviews-Pancaffe_Porta_Genova-Milan_Lombardy.html
6439,https://www.tripadvisor.it/Restaurant_Review-g187849-d23597030-Reviews-New_Sigiri_Lanka-Milan_Lombardy.html
6440,https://www.tripadvisor.it/Restaurant_Review-g187849-d21590978-Reviews-Chini-Milan_Lombardy.html
6441,https://www.tripadvisor.it/Restaurant_Review-g187849-d24882603-Reviews-Hungry_Roads-Milan_Lombardy.html
6442,https://www.tripadvisor.it/Restaurant_Review-g187849-d24985399-Reviews-Alice_Pizza_Buenos_Aires-Milan_Lombardy.html
6443,https://www.tripadvisor.it/Restaurant_Review-g187849-d10737306-Reviews-Chabad_House_Naar_Israel_Kosher_Meal_Plan-Milan_Lombardy.html
6444,https://www.tripadvisor.it/Restaurant_Review-g187849-d24059411-Reviews-The_Hall_by_UNA_Cucina-Milan_Lombardy.html
6445,https://www.tripadvisor.it/Restaurant_Review-g187849-d25088134-Reviews-Kairos_Cafe-Milan_Lombardy.html
6446,https://www.tripadvisor.it/Restaurant_Review-g187849-d25088118-Reviews-Pan_Per_Focaccia-Milan_Lombardy.html
6447,https://www.tripadvisor.it/Restaurant_Review-g187849-d23750638-Reviews-Osteria_al_Gasometro-Milan_Lombardy.html
6448,https://www.tripadvisor.it/Restaurant_Review-g187849-d23544774-Reviews-Bar_Antica_Marina-Milan_Lombardy.html
6449,https://www.tripadvisor.it/Restaurant_Review-g187849-d16652214-Reviews-ENE_Prodotti_Tipici_Spagnoli-Milan_Lombardy.html
6450,https://www.tripadvisor.it/Restaurant_Review-g187849-d24032590-Reviews-Lacucinadiigor-Milan_Lombardy.html
6451,https://www.tripadvisor.it/Restaurant_Review-g187849-d19841194-Reviews-Virgilio_1986_Mazzini-Milan_Lombardy.html
6452,https://www.tripadvisor.it/Restaurant_Review-g187849-d19841137-Reviews-Virgilio_1986_Festa_Del_Perdono-Milan_Lombardy.html
6453,https://www.tripadvisor.it/Restaurant_Review-g187849-d24058948-Reviews-Flower_Burger_Santa_Giulia-Milan_Lombardy.html
6454,https://www.tripadvisor.it/Restaurant_Review-g187849-d17320681-Reviews-L_altra_Ringhiera-Milan_Lombardy.html
6455,https://www.tripadvisor.it/Restaurant_Review-g187849-d21351908-Reviews-Bar_Meeting-Milan_Lombardy.html
6456,https://www.tripadvisor.it/Restaurant_Review-g187849-d21351915-Reviews-JuiceBar-Milan_Lombardy.html
6457,https://www.tripadvisor.it/Restaurant_Review-g187849-d1066516-Reviews-Picaflor-Milan_Lombardy.html
6458,https://www.tripadvisor.it/Restaurant_Review-g187849-d21023978-Reviews-Bar_Paninoteca_L_artista-Milan_Lombardy.html
6459,https://www.tripadvisor.it/Restaurant_Review-g187849-d21023972-Reviews-Il_Bar_dell_Artista-Milan_Lombardy.html
6460,https://www.tripadvisor.it/Restaurant_Review-g187849-d21023937-Reviews-Aylas_Bar_Tabacchi-Milan_Lombardy.html
6461,https://www.tripadvisor.it/Restaurant_Review-g187849-d23364674-Reviews-Norma_S_Restaurant-Milan_Lombardy.html
6462,https://www.tripadvisor.it/Restaurant_Review-g187849-d21307372-Reviews-Kebab_Pizzeria_Kirmina-Milan_Lombardy.html
6463,https://www.tripadvisor.it/Restaurant_Review-g187849-d17809947-Reviews-Panini_Durini-Milan_Lombardy.html
6464,https://www.tripadvisor.it/Restaurant_Review-g187849-d19970183-Reviews-Bar_Atlantic-Milan_Lombardy.html
6465,https://www.tripadvisor.it/Restaurant_Review-g187849-d23982184-Reviews-Lucy_Food-Milan_Lombardy.html
6466,https://www.tripadvisor.it/Restaurant_Review-g187849-d23982190-Reviews-Bar_Fortuna-Milan_Lombardy.html
6467,https://www.tripadvisor.it/Restaurant_Review-g187849-d25184298-Reviews-Alice_Pizza-Milan_Lombardy.html
6468,https://www.tripadvisor.it/Restaurant_Review-g187849-d21331618-Reviews-Gelateria_Rigoletto-Milan_Lombardy.html
6469,https://www.tripadvisor.it/Restaurant_Review-g187849-d21153699-Reviews-Il_Re_Di_Napoli-Milan_Lombardy.html
6470,https://www.tripadvisor.it/Restaurant_Review-g187849-d21331609-Reviews-Bar_Tabacchi_Mac_111-Milan_Lombardy.html
6471,https://www.tripadvisor.it/Restaurant_Review-g187849-d21331589-Reviews-Pizzeria_del_Parco-Milan_Lombardy.html
6472,https://www.tripadvisor.it/Restaurant_Review-g187849-d21331518-Reviews-Lucky_Bar-Milan_Lombardy.html
6473,https://www.tripadvisor.it/Restaurant_Review-g187849-d23211349-Reviews-Sushi_Wamiya-Milan_Lombardy.html
6474,https://www.tripadvisor.it/Restaurant_Review-g187849-d24983237-Reviews-Caffe_Letterario_Cult-Milan_Lombardy.html
6475,https://www.tripadvisor.it/Restaurant_Review-g187849-d25291465-Reviews-Beefbar_Milano-Milan_Lombardy.html
6476,https://www.tripadvisor.it/Restaurant_Review-g187849-d21433643-Reviews-Pizzeria_Dal_Maestro_2-Milan_Lombardy.html
6477,https://www.tripadvisor.it/Restaurant_Review-g187849-d23542498-Reviews-Mitu-Milan_Lombardy.html
6478,https://www.tripadvisor.it/Restaurant_Review-g187849-d21381908-Reviews-Il_Forno_del_Panetta-Milan_Lombardy.html
6479,https://www.tripadvisor.it/Restaurant_Review-g187849-d17369747-Reviews-Le_Cafe_Bon_Ton-Milan_Lombardy.html
6480,https://www.tripadvisor.it/Restaurant_Review-g187849-d21124585-Reviews-Bar_Deja_Vu-Milan_Lombardy.html
6481,https://www.tripadvisor.it/Restaurant_Review-g187849-d21021647-Reviews-Golden_Cafe-Milan_Lombardy.html
6482,https://www.tripadvisor.it/Restaurant_Review-g187849-d21021599-Reviews-Bar_Pub_Corner-Milan_Lombardy.html
6483,https://www.tripadvisor.it/Restaurant_Review-g187849-d21021588-Reviews-Pizzeria_Grazie_Italia-Milan_Lombardy.html
6484,https://www.tripadvisor.it/Restaurant_Review-g187849-d25269769-Reviews-Jia_Club-Milan_Lombardy.html
6485,https://www.tripadvisor.it/Restaurant_Review-g187849-d20558555-Reviews-Pizzeria_d_Asporto_Best_Time-Milan_Lombardy.html
6486,https://www.tripadvisor.it/Restaurant_Review-g187849-d17709431-Reviews-Bar_Anna-Milan_Lombardy.html
6487,https://www.tripadvisor.it/Restaurant_Review-g187849-d19786726-Reviews-Sbagliaa-Milan_Lombardy.html
6488,https://www.tripadvisor.it/Restaurant_Review-g187849-d22821407-Reviews-Tondo_Forno_Artigiano-Milan_Lombardy.html
6489,https://www.tripadvisor.it/Restaurant_Review-g187849-d12019631-Reviews-Bar_della_Via_Bellotti-Milan_Lombardy.html
6490,https://www.tripadvisor.it/Restaurant_Review-g187849-d16700179-Reviews-Caro_S-Milan_Lombardy.html
6491,https://www.tripadvisor.it/Restaurant_Review-g187849-d19271870-Reviews-Pizzeria_Bella_Napoli-Milan_Lombardy.html
6492,https://www.tripadvisor.it/Restaurant_Review-g187849-d25032746-Reviews-La_Fornarina-Milan_Lombardy.html
6493,https://www.tripadvisor.it/Restaurant_Review-g187849-d25032743-Reviews-La_Casa_Iberica-Milan_Lombardy.html
6494,https://www.tripadvisor.it/Restaurant_Review-g187849-d21173682-Reviews-Green_Bistro-Milan_Lombardy.html
6495,https://www.tripadvisor.it/Restaurant_Review-g187849-d25032570-Reviews-Gelateria_Il_Golosone-Milan_Lombardy.html
6496,https://www.tripadvisor.it/Restaurant_Review-g187849-d24106702-Reviews-Island_Gentleman-Milan_Lombardy.html
6497,https://www.tripadvisor.it/Restaurant_Review-g187849-d25219496-Reviews-Jiaclubmilano-Milan_Lombardy.html
6498,https://www.tripadvisor.it/Restaurant_Review-g187849-d17728366-Reviews-Puglia_in_Brera_Osteria_Tradizionale-Milan_Lombardy.html
6499,https://www.tripadvisor.it/Restaurant_Review-g187849-d23643586-Reviews-Picanha_Gourmet-Milan_Lombardy.html
6500,https://www.tripadvisor.it/Restaurant_Review-g187849-d25134441-Reviews-Ohm_Cafe-Milan_Lombardy.html
6501,https://www.tripadvisor.it/Restaurant_Review-g187849-d19862266-Reviews-Blu_Bar-Milan_Lombardy.html
6502,https://www.tripadvisor.it/Restaurant_Review-g187849-d18191117-Reviews-Pizzeria_Castello-Milan_Lombardy.html
6503,https://www.tripadvisor.it/Restaurant_Review-g187849-d21380148-Reviews-El_Gainatt_de_Milan-Milan_Lombardy.html
6504,https://www.tripadvisor.it/Restaurant_Review-g187849-d21380126-Reviews-Da_Gigi_Al_borgo_degli_ortolani-Milan_Lombardy.html
6505,https://www.tripadvisor.it/Restaurant_Review-g187849-d17830952-Reviews-Pizzeria_San_Gennaro-Milan_Lombardy.html
6506,https://www.tripadvisor.it/Restaurant_Review-g187849-d21380095-Reviews-Tavernacolo22marzo-Milan_Lombardy.html
6507,https://www.tripadvisor.it/Restaurant_Review-g187849-d22974171-Reviews-Bar_Morgantini_18-Milan_Lombardy.html
6508,https://www.tripadvisor.it/Restaurant_Review-g187849-d25134431-Reviews-Eden_Wine_And_More-Milan_Lombardy.html
6509,https://www.tripadvisor.it/Restaurant_Review-g187849-d25088763-Reviews-Pancaffe_Caffetteria-Milan_Lombardy.html
6510,https://www.tripadvisor.it/Restaurant_Review-g187849-d21328394-Reviews-Sushi_Chen-Milan_Lombardy.html
6511,https://www.tripadvisor.it/Restaurant_Review-g187849-d21379777-Reviews-Le_Petit_Prince-Milan_Lombardy.html
6512,https://www.tripadvisor.it/Restaurant_Review-g187849-d21379750-Reviews-Il_Forno_Di_Corso_Lodi-Milan_Lombardy.html
6513,https://www.tripadvisor.it/Restaurant_Review-g187849-d21173987-Reviews-L_angolo_Gustoso-Milan_Lombardy.html
6514,https://www.tripadvisor.it/Restaurant_Review-g187849-d21379695-Reviews-Istanbul_Blu_2_Kebab_Pizza_Grill-Milan_Lombardy.html
6515,https://www.tripadvisor.it/Restaurant_Review-g187849-d23848660-Reviews-Ischia-Milan_Lombardy.html
6516,https://www.tripadvisor.it/Restaurant_Review-g187849-d20968122-Reviews-Bar_David-Milan_Lombardy.html
6517,https://www.tripadvisor.it/Restaurant_Review-g187849-d22974111-Reviews-Marrakech_Food-Milan_Lombardy.html
6518,https://www.tripadvisor.it/Restaurant_Review-g187849-d22974109-Reviews-Dal_Lupo-Milan_Lombardy.html
6519,https://www.tripadvisor.it/Restaurant_Review-g187849-d22974106-Reviews-Cafe_Atlante-Milan_Lombardy.html
6520,https://www.tripadvisor.it/Restaurant_Review-g187849-d22974103-Reviews-Sweetland-Milan_Lombardy.html
6521,https://www.tripadvisor.it/Restaurant_Review-g187849-d25134433-Reviews-Pane_E_Dolci-Milan_Lombardy.html
6522,https://www.tripadvisor.it/Restaurant_Review-g187849-d25288673-Reviews-Tanishka_Ristorante-Milan_Lombardy.html
6523,https://www.tripadvisor.it/Restaurant_Review-g187849-d25288588-Reviews-Milano-Milan_Lombardy.html
6524,https://www.tripadvisor.it/Restaurant_Review-g187849-d19974568-Reviews-Bar_Queen-Milan_Lombardy.html
6525,https://www.tripadvisor.it/Restaurant_Review-g187849-d21070459-Reviews-Salumeria_Fattoria_Del_Casaro-Milan_Lombardy.html
6526,https://www.tripadvisor.it/Restaurant_Review-g187849-d21209149-Reviews-Kalamaro_Piadinaro_Piazza_XXV_Aprile-Milan_Lombardy.html
6527,https://www.tripadvisor.it/Restaurant_Review-g187849-d23832241-Reviews-Piadineria_La_Piada_Di_Una_Volta-Milan_Lombardy.html
6528,https://www.tripadvisor.it/Restaurant_Review-g187849-d17418289-Reviews-Un_Giorno_Bellissimo-Milan_Lombardy.html
6529,https://www.tripadvisor.it/Restaurant_Review-g187849-d21378876-Reviews-New_Gibson-Milan_Lombardy.html
6530,https://www.tripadvisor.it/Restaurant_Review-g187849-d24861121-Reviews-Cocciuto-Milan_Lombardy.html
6531,https://www.tripadvisor.it/Restaurant_Review-g187849-d25083647-Reviews-Panificio_Spagnolo-Milan_Lombardy.html
6532,https://www.tripadvisor.it/Restaurant_Review-g187849-d25184709-Reviews-Vini_E_Vinili-Milan_Lombardy.html
6533,https://www.tripadvisor.it/Restaurant_Review-g187849-d21261256-Reviews-Zhaoyidian-Milan_Lombardy.html
6534,https://www.tripadvisor.it/Restaurant_Review-g187849-d19012256-Reviews-Da_RUFFY_SENZA_MALELINGUE-Milan_Lombardy.html
6535,https://www.tripadvisor.it/Restaurant_Review-g187849-d17571946-Reviews-La_Dolce_Vita-Milan_Lombardy.html
6536,https://www.tripadvisor.it/Restaurant_Review-g187849-d24104390-Reviews-Xi_Hot_Pot_Restaurant-Milan_Lombardy.html
6537,https://www.tripadvisor.it/Restaurant_Review-g187849-d23024165-Reviews-Lion_s_Cafe-Milan_Lombardy.html
6538,https://www.tripadvisor.it/Restaurant_Review-g187849-d25081638-Reviews-Non_Solo_Caffe-Milan_Lombardy.html
6539,https://www.tripadvisor.it/Restaurant_Review-g187849-d24193222-Reviews-Valeria_of_Milan-Milan_Lombardy.html
6540,https://www.tripadvisor.it/Restaurant_Review-g187849-d25184315-Reviews-Ji_Li_Ravioleria-Milan_Lombardy.html
6541,https://www.tripadvisor.it/Restaurant_Review-g187849-d25184314-Reviews-Esubeerante_Birra_E_Tigelle_Artigianali-Milan_Lombardy.html
6542,https://www.tripadvisor.it/Restaurant_Review-g187849-d25184313-Reviews-Slow_Bread_Lab-Milan_Lombardy.html
6543,https://www.tripadvisor.it/Restaurant_Review-g187849-d20953056-Reviews-Bar_Giada-Milan_Lombardy.html
6544,https://www.tripadvisor.it/Restaurant_Review-g187849-d25184300-Reviews-Talentum_Lounge_Art_Bar-Milan_Lombardy.html
6545,https://www.tripadvisor.it/Restaurant_Review-g187849-d25184299-Reviews-L_antica_Michetta-Milan_Lombardy.html
6546,https://www.tripadvisor.it/Restaurant_Review-g187849-d25184296-Reviews-Pizzeria_San_Michele-Milan_Lombardy.html
6547,https://www.tripadvisor.it/Restaurant_Review-g187849-d25184292-Reviews-Bar_Corsica-Milan_Lombardy.html
6548,https://www.tripadvisor.it/Restaurant_Review-g187849-d25184290-Reviews-Contex_Happy_Hour-Milan_Lombardy.html
6549,https://www.tripadvisor.it/Restaurant_Review-g187849-d20953073-Reviews-Why_Not-Milan_Lombardy.html
6550,https://www.tripadvisor.it/Restaurant_Review-g187849-d25184280-Reviews-Caffetteria_Orlando-Milan_Lombardy.html
6551,https://www.tripadvisor.it/Restaurant_Review-g187849-d25184271-Reviews-Gastronomia_Vecchia_Napoli-Milan_Lombardy.html
6552,https://www.tripadvisor.it/Restaurant_Review-g187849-d5821987-Reviews-Istanbul_Doner_Kebab-Milan_Lombardy.html
6553,https://www.tripadvisor.it/Restaurant_Review-g187849-d15668217-Reviews-Pizzeria_Degli_Artisti-Milan_Lombardy.html
6554,https://www.tripadvisor.it/Restaurant_Review-g187849-d23640888-Reviews-San_Carlo_Al_Corso-Milan_Lombardy.html
6555,https://www.tripadvisor.it/Restaurant_Review-g187849-d24052373-Reviews-Hummus_Around_Xxii_Marzo_Milano-Milan_Lombardy.html
6556,https://www.tripadvisor.it/Restaurant_Review-g187849-d25032737-Reviews-Rom_antica_Canonica-Milan_Lombardy.html
6557,https://www.tripadvisor.it/Restaurant_Review-g187849-d25081031-Reviews-Zona_Sarpi-Milan_Lombardy.html
6558,https://www.tripadvisor.it/Restaurant_Review-g187849-d21274682-Reviews-N_ata_pizza-Milan_Lombardy.html
6559,https://www.tripadvisor.it/Restaurant_Review-g187849-d18857072-Reviews-CfruitLife_Milano-Milan_Lombardy.html
6560,https://www.tripadvisor.it/Restaurant_Review-g187849-d21891773-Reviews-Bruno_Ristorante-Milan_Lombardy.html
6561,https://www.tripadvisor.it/Restaurant_Review-g187849-d23936801-Reviews-La_Pinsa-Milan_Lombardy.html
6562,https://www.tripadvisor.it/Restaurant_Review-g187849-d20296893-Reviews-Turkish_Kebap_Borsieri-Milan_Lombardy.html
6563,https://www.tripadvisor.it/Restaurant_Review-g187849-d21325431-Reviews-Green_Day-Milan_Lombardy.html
6564,https://www.tripadvisor.it/Restaurant_Review-g187849-d21376741-Reviews-Nik_Finelli_Cafe-Milan_Lombardy.html
6565,https://www.tripadvisor.it/Restaurant_Review-g187849-d15564294-Reviews-Pizzeria_San_Giorgio-Milan_Lombardy.html
6566,https://www.tripadvisor.it/Restaurant_Review-g187849-d21005796-Reviews-Inari_Sushi-Milan_Lombardy.html
6567,https://www.tripadvisor.it/Restaurant_Review-g187849-d20954367-Reviews-Bar_da_Giorgia-Milan_Lombardy.html
6568,https://www.tripadvisor.it/Restaurant_Review-g187849-d20965146-Reviews-Bar_Millennium-Milan_Lombardy.html
6569,https://www.tripadvisor.it/Restaurant_Review-g187849-d25131528-Reviews-Burger_Room-Milan_Lombardy.html
6570,https://www.tripadvisor.it/Restaurant_Review-g187849-d23022501-Reviews-Babygesus-Milan_Lombardy.html
6571,https://www.tripadvisor.it/Restaurant_Review-g187849-d25234170-Reviews-Riviera_Milano-Milan_Lombardy.html
6572,https://www.tripadvisor.it/Restaurant_Review-g187849-d23742438-Reviews-Lawless_Heaven-Milan_Lombardy.html
6573,https://www.tripadvisor.it/Restaurant_Review-g187849-d23742403-Reviews-Fortunato-Milan_Lombardy.html
6574,https://www.tripadvisor.it/Restaurant_Review-g187849-d23742401-Reviews-Chihuahua_Tacos_Sarpi-Milan_Lombardy.html
6575,https://www.tripadvisor.it/Restaurant_Review-g187849-d23742360-Reviews-Il_tartarughino-Milan_Lombardy.html
6576,https://www.tripadvisor.it/Restaurant_Review-g187849-d23742358-Reviews-Scugnizzi_Milano-Milan_Lombardy.html
6577,https://www.tripadvisor.it/Restaurant_Review-g187849-d21376138-Reviews-Gastronomia_Bonardi-Milan_Lombardy.html
6578,https://www.tripadvisor.it/Restaurant_Review-g187849-d21376105-Reviews-L_angolo_Del_Panino-Milan_Lombardy.html
6579,https://www.tripadvisor.it/Restaurant_Review-g187849-d20954958-Reviews-Bar_Golden_Lion-Milan_Lombardy.html
6580,https://www.tripadvisor.it/Restaurant_Review-g187849-d25028054-Reviews-Mi_Casa_Toasteria-Milan_Lombardy.html
6581,https://www.tripadvisor.it/Restaurant_Review-g187849-d25028028-Reviews-Bar_Da_Francesca-Milan_Lombardy.html
6582,https://www.tripadvisor.it/Restaurant_Review-g187849-d25285159-Reviews-O_ste_Birreria_e_Taverna_Con_Cucina-Milan_Lombardy.html
6583,https://www.tripadvisor.it/Restaurant_Review-g187849-d23742029-Reviews-Botoi-Milan_Lombardy.html
6584,https://www.tripadvisor.it/Restaurant_Review-g187849-d19935400-Reviews-Street_Food_Di_Yuanzi-Milan_Lombardy.html
6585,https://www.tripadvisor.it/Restaurant_Review-g187849-d25027529-Reviews-La_Comida_Da_Jenny-Milan_Lombardy.html
6586,https://www.tripadvisor.it/Restaurant_Review-g187849-d23844454-Reviews-Cabana_Restaurant-Milan_Lombardy.html
6587,https://www.tripadvisor.it/Restaurant_Review-g187849-d24050162-Reviews-Cous_Cuisine-Milan_Lombardy.html
6588,https://www.tripadvisor.it/Restaurant_Review-g187849-d21021975-Reviews-Bar_Umbria_Paninoteca-Milan_Lombardy.html
6589,https://www.tripadvisor.it/Restaurant_Review-g187849-d25276032-Reviews-Eroica_Caffe-Milan_Lombardy.html
6590,https://www.tripadvisor.it/Restaurant_Review-g187849-d25232856-Reviews-Pirati_Poeti-Milan_Lombardy.html
6591,https://www.tripadvisor.it/Restaurant_Review-g187849-d25224991-Reviews-Vibes_Cocktail_Bar-Milan_Lombardy.html
6592,https://www.tripadvisor.it/Restaurant_Review-g187849-d23998231-Reviews-Cibo_Ramen-Milan_Lombardy.html
6593,https://www.tripadvisor.it/Restaurant_Review-g187849-d23998179-Reviews-Saporisolari-Milan_Lombardy.html
6594,https://www.tripadvisor.it/Restaurant_Review-g187849-d23219240-Reviews-Nami_Sushi-Milan_Lombardy.html
6595,https://www.tripadvisor.it/Restaurant_Review-g187849-d17568391-Reviews-Milano_Kebap_House-Milan_Lombardy.html
6596,https://www.tripadvisor.it/Restaurant_Review-g187849-d20397250-Reviews-Giovanni_Panetta-Milan_Lombardy.html
6597,https://www.tripadvisor.it/Restaurant_Review-g187849-d20808550-Reviews-Bar_Volturno-Milan_Lombardy.html
6598,https://www.tripadvisor.it/Restaurant_Review-g187849-d20288107-Reviews-Virgilio_1986_Moscova-Milan_Lombardy.html
6599,https://www.tripadvisor.it/Restaurant_Review-g187849-d22951353-Reviews-Starbucks-Milan_Lombardy.html
6600,https://www.tripadvisor.it/Restaurant_Review-g187849-d25020037-Reviews-Alice_Pizza_Citta_Studi-Milan_Lombardy.html
6601,https://www.tripadvisor.it/Restaurant_Review-g187849-d20962674-Reviews-Val_erio-Milan_Lombardy.html
6602,https://www.tripadvisor.it/Restaurant_Review-g187849-d15664592-Reviews-Luna_Restaurant-Milan_Lombardy.html
6603,https://www.tripadvisor.it/Restaurant_Review-g187849-d25180301-Reviews-Wood_Bar-Milan_Lombardy.html
6604,https://www.tripadvisor.it/Restaurant_Review-g187849-d25231698-Reviews-Profumo_Di_Pane-Milan_Lombardy.html
6605,https://www.tripadvisor.it/Restaurant_Review-g187849-d25077385-Reviews-Oh_la_la-Milan_Lombardy.html
6606,https://www.tripadvisor.it/Restaurant_Review-g187849-d23945693-Reviews-Bar_11-Milan_Lombardy.html
6607,https://www.tripadvisor.it/Restaurant_Review-g187849-d23734619-Reviews-Zanza_Bar-Milan_Lombardy.html
6608,https://www.tripadvisor.it/Restaurant_Review-g187849-d24151301-Reviews-Bun_Burgers-Milan_Lombardy.html
6609,https://www.tripadvisor.it/Restaurant_Review-g187849-d21331522-Reviews-Pizza_OK5-Milan_Lombardy.html
6610,https://www.tripadvisor.it/Restaurant_Review-g187849-d21321969-Reviews-Green_Day_Natural_Food_Bar-Milan_Lombardy.html
6611,https://www.tripadvisor.it/Restaurant_Review-g187849-d23328006-Reviews-Nata_a_Milano-Milan_Lombardy.html
6612,https://www.tripadvisor.it/Restaurant_Review-g187849-d21270520-Reviews-Cassette_Cafe-Milan_Lombardy.html
6613,https://www.tripadvisor.it/Restaurant_Review-g187849-d25076828-Reviews-Gelateria_Giulia-Milan_Lombardy.html
6614,https://www.tripadvisor.it/Restaurant_Review-g187849-d25076825-Reviews-Golden_Bar-Milan_Lombardy.html
6615,https://www.tripadvisor.it/Restaurant_Review-g187849-d25076824-Reviews-B_time_Cafe-Milan_Lombardy.html
6616,https://www.tripadvisor.it/Restaurant_Review-g187849-d20906235-Reviews-Antico_Forno_Di_Pecchio-Milan_Lombardy.html
6617,https://www.tripadvisor.it/Restaurant_Review-g187849-d25076815-Reviews-Caio-Milan_Lombardy.html
6618,https://www.tripadvisor.it/Restaurant_Review-g187849-d23585076-Reviews-Ristorante_Cuan_Cuan-Milan_Lombardy.html
6619,https://www.tripadvisor.it/Restaurant_Review-g187849-d23585044-Reviews-Dan_Yan_restaurant-Milan_Lombardy.html
6620,https://www.tripadvisor.it/Restaurant_Review-g187849-d23584993-Reviews-Cavallo_Caffe-Milan_Lombardy.html
6621,https://www.tripadvisor.it/Restaurant_Review-g187849-d23584991-Reviews-Bar_Leoncavallo-Milan_Lombardy.html
6622,https://www.tripadvisor.it/Restaurant_Review-g187849-d23584989-Reviews-Affettami-Milan_Lombardy.html
6623,https://www.tripadvisor.it/Restaurant_Review-g187849-d23996401-Reviews-Bar_Argento-Milan_Lombardy.html
6624,https://www.tripadvisor.it/Restaurant_Review-g187849-d20906535-Reviews-Green_Leaf_Salad_Healthy_Bowls-Milan_Lombardy.html
6625,https://www.tripadvisor.it/Restaurant_Review-g187849-d24973439-Reviews-MiTaco-Milan_Lombardy.html
6626,https://www.tripadvisor.it/Restaurant_Review-g187849-d23529828-Reviews-Milano-Milan_Lombardy.html
6627,https://www.tripadvisor.it/Restaurant_Review-g187849-d24973424-Reviews-Illusion-Milan_Lombardy.html
6628,https://www.tripadvisor.it/Restaurant_Review-g187849-d24973416-Reviews-Oriental_Fusion_Milano-Milan_Lombardy.html
6629,https://www.tripadvisor.it/Restaurant_Review-g187849-d24973407-Reviews-Le_Colonne-Milan_Lombardy.html
6630,https://www.tripadvisor.it/Restaurant_Review-g187849-d25094796-Reviews-Istanbul_Giambellino_Kebap-Milan_Lombardy.html
6631,https://www.tripadvisor.it/Restaurant_Review-g187849-d25108301-Reviews-Il_Focacciaro-Milan_Lombardy.html
6632,https://www.tripadvisor.it/Restaurant_Review-g187849-d23427359-Reviews-Bar_Chicken_Ravioli-Milan_Lombardy.html
6633,https://www.tripadvisor.it/Restaurant_Review-g187849-d25229993-Reviews-Eimi_Lounge_Bar-Milan_Lombardy.html
6634,https://www.tripadvisor.it/Restaurant_Review-g187849-d25229986-Reviews-Bar_Lodi-Milan_Lombardy.html
6635,https://www.tripadvisor.it/Restaurant_Review-g187849-d24147892-Reviews-Delizie_Di_Grano-Milan_Lombardy.html
6636,https://www.tripadvisor.it/Restaurant_Review-g187849-d20806087-Reviews-Cin_Cin_Bar-Milan_Lombardy.html
6637,https://www.tripadvisor.it/Restaurant_Review-g187849-d20805997-Reviews-Lon_Bao-Milan_Lombardy.html
6638,https://www.tripadvisor.it/Restaurant_Review-g187849-d20805950-Reviews-Ristorante_Vero_Cinese-Milan_Lombardy.html
6639,https://www.tripadvisor.it/Restaurant_Review-g187849-d20805916-Reviews-Bar_Lunigiana-Milan_Lombardy.html
6640,https://www.tripadvisor.it/Restaurant_Review-g187849-d23325608-Reviews-Salad_House_Santa_Tecla-Milan_Lombardy.html
6641,https://www.tripadvisor.it/Restaurant_Review-g187849-d21165379-Reviews-Il_Grande_Puffo-Milan_Lombardy.html
6642,https://www.tripadvisor.it/Restaurant_Review-g187849-d9849226-Reviews-Gastronobio-Milan_Lombardy.html
6643,https://www.tripadvisor.it/Restaurant_Review-g187849-d25023123-Reviews-Caffe_Della_Metro-Milan_Lombardy.html
6644,https://www.tripadvisor.it/Restaurant_Review-g187849-d21525994-Reviews-Toy_Mochi-Milan_Lombardy.html
6645,https://www.tripadvisor.it/Restaurant_Review-g187849-d25267605-Reviews-Bar_Monica-Milan_Lombardy.html
6646,https://www.tripadvisor.it/Restaurant_Review-g187849-d24097788-Reviews-Maffu_s_Bistrot-Milan_Lombardy.html
6647,https://www.tripadvisor.it/Restaurant_Review-g187849-d8356856-Reviews-Il_Papavero-Milan_Lombardy.html
6648,https://www.tripadvisor.it/Restaurant_Review-g187849-d24147981-Reviews-Golab_Gelateria_Artigianale-Milan_Lombardy.html
6649,https://www.tripadvisor.it/Restaurant_Review-g187849-d21113014-Reviews-Bar_Dell_angolo-Milan_Lombardy.html
6650,https://www.tripadvisor.it/Restaurant_Review-g187849-d23067582-Reviews-Via_Corso_Lodi_Milano-Milan_Lombardy.html
6651,https://www.tripadvisor.it/Restaurant_Review-g187849-d10516917-Reviews-Bar_Caffe_Via_Rovereto-Milan_Lombardy.html
6652,https://www.tripadvisor.it/Restaurant_Review-g187849-d23479028-Reviews-Mamake_Fusion_Restaurante-Milan_Lombardy.html
6653,https://www.tripadvisor.it/Restaurant_Review-g187849-d23118945-Reviews-Bar_Panda-Milan_Lombardy.html
6654,https://www.tripadvisor.it/Restaurant_Review-g187849-d23982175-Reviews-Lomilan-Milan_Lombardy.html
6655,https://www.tripadvisor.it/Restaurant_Review-g187849-d21369860-Reviews-Tam_Bar-Milan_Lombardy.html
6656,https://www.tripadvisor.it/Restaurant_Review-g187849-d11905359-Reviews-La_Sosta_70-Milan_Lombardy.html
6657,https://www.tripadvisor.it/Restaurant_Review-g187849-d17614845-Reviews-Pizzeria_Madonnina-Milan_Lombardy.html
6658,https://www.tripadvisor.it/Restaurant_Review-g187849-d20906789-Reviews-Happy_Bar-Milan_Lombardy.html
6659,https://www.tripadvisor.it/Restaurant_Review-g187849-d23838635-Reviews-Up_Down-Milan_Lombardy.html
6660,https://www.tripadvisor.it/Restaurant_Review-g187849-d15865871-Reviews-Washing_Cafe-Milan_Lombardy.html
6661,https://www.tripadvisor.it/Restaurant_Review-g187849-d23992721-Reviews-Honu_Poke_Moscova-Milan_Lombardy.html
6662,https://www.tripadvisor.it/Restaurant_Review-g187849-d15865631-Reviews-Why_Not_Pizza_Al_Trancio_E_Rosticceria-Milan_Lombardy.html
6663,https://www.tripadvisor.it/Restaurant_Review-g187849-d24973432-Reviews-Ecooking_Bistrot_Citylife-Milan_Lombardy.html
6664,https://www.tripadvisor.it/Restaurant_Review-g187849-d17202946-Reviews-L_Agora-Milan_Lombardy.html
6665,https://www.tripadvisor.it/Restaurant_Review-g187849-d15659806-Reviews-Pizzeria_Marinella-Milan_Lombardy.html
6666,https://www.tripadvisor.it/Restaurant_Review-g187849-d24989470-Reviews-Damot_Ristorante-Milan_Lombardy.html
6667,https://www.tripadvisor.it/Restaurant_Review-g187849-d23584996-Reviews-Bon_Bon-Milan_Lombardy.html
6668,https://www.tripadvisor.it/Restaurant_Review-g187849-d23585062-Reviews-L_Oro_di_Napoli-Milan_Lombardy.html
6669,https://www.tripadvisor.it/Restaurant_Review-g187849-d21167856-Reviews-Dream_Cafe-Milan_Lombardy.html
6670,https://www.tripadvisor.it/Restaurant_Review-g187849-d25076827-Reviews-Bar_Lambrate-Milan_Lombardy.html
6671,https://www.tripadvisor.it/Restaurant_Review-g187849-d25191447-Reviews-Pizzeria_Santa_Lucia-Milan_Lombardy.html
6672,https://www.tripadvisor.it/Restaurant_Review-g187849-d21322272-Reviews-Toyoshu-Milan_Lombardy.html
6673,https://www.tripadvisor.it/Restaurant_Review-g187849-d20957097-Reviews-Bar_Elisa-Milan_Lombardy.html
6674,https://www.tripadvisor.it/Restaurant_Review-g187849-d20957096-Reviews-Bar_Elisa-Milan_Lombardy.html
6675,https://www.tripadvisor.it/Restaurant_Review-g187849-d23734678-Reviews-Bar_Adriana-Milan_Lombardy.html
6676,https://www.tripadvisor.it/Restaurant_Review-g187849-d17150741-Reviews-Bar_cheers-Milan_Lombardy.html
6677,https://www.tripadvisor.it/Restaurant_Review-g187849-d23842734-Reviews-Meneghino_Birra_e_Cucina-Milan_Lombardy.html
6678,https://www.tripadvisor.it/Restaurant_Review-g187849-d23734614-Reviews-Zanzibar-Milan_Lombardy.html
6679,https://www.tripadvisor.it/Restaurant_Review-g187849-d19516759-Reviews-Bar_Garden_Cafe-Milan_Lombardy.html
6680,https://www.tripadvisor.it/Restaurant_Review-g187849-d23391437-Reviews-Ciko_s_Bar-Milan_Lombardy.html
6681,https://www.tripadvisor.it/Restaurant_Review-g187849-d19568068-Reviews-Qui-Milan_Lombardy.html
6682,https://www.tripadvisor.it/Restaurant_Review-g187849-d19568067-Reviews-Bar_Metropolitana-Milan_Lombardy.html
6683,https://www.tripadvisor.it/Restaurant_Review-g187849-d25231694-Reviews-Il_Profumo_Del_Pane-Milan_Lombardy.html
6684,https://www.tripadvisor.it/Restaurant_Review-g187849-d23580031-Reviews-Bar_Diamante-Milan_Lombardy.html
6685,https://www.tripadvisor.it/Restaurant_Review-g187849-d25020253-Reviews-Honu_Poke_Milano_Bicocca-Milan_Lombardy.html
6686,https://www.tripadvisor.it/Restaurant_Review-g187849-d25283182-Reviews-Oro_Restaurant_Duomo-Milan_Lombardy.html
6687,https://www.tripadvisor.it/Restaurant_Review-g187849-d21162440-Reviews-Ristorante_Il_Pumo-Milan_Lombardy.html
6688,https://www.tripadvisor.it/Restaurant_Review-g187849-d25020100-Reviews-Cascina_Guzzafame-Milan_Lombardy.html
6689,https://www.tripadvisor.it/Restaurant_Review-g187849-d25020091-Reviews-Cincin_Bar-Milan_Lombardy.html
6690,https://www.tripadvisor.it/Restaurant_Review-g187849-d23116895-Reviews-LE_PETIT_CAFE_s_a_s_di_Rosalba_Galati_c-Milan_Lombardy.html
6691,https://www.tripadvisor.it/Restaurant_Review-g187849-d25020063-Reviews-Bar_Tavola_Calda_Luna_Piena-Milan_Lombardy.html
6692,https://www.tripadvisor.it/Restaurant_Review-g187849-d25020062-Reviews-Villa_Istanbul_Kebap_Pizza_Grill-Milan_Lombardy.html
6693,https://www.tripadvisor.it/Restaurant_Review-g187849-d25020056-Reviews-Bar_Lipari-Milan_Lombardy.html
6694,https://www.tripadvisor.it/Restaurant_Review-g187849-d25020040-Reviews-Alice_Pizza-Milan_Lombardy.html
6695,https://www.tripadvisor.it/Restaurant_Review-g187849-d25277193-Reviews-Casazul-Milan_Lombardy.html
6696,https://www.tripadvisor.it/Restaurant_Review-g187849-d23785473-Reviews-Meta-Milan_Lombardy.html
6697,https://www.tripadvisor.it/Restaurant_Review-g187849-d15864073-Reviews-Salumeria_Cassiodoro-Milan_Lombardy.html
6698,https://www.tripadvisor.it/Restaurant_Review-g187849-d23733883-Reviews-Bar_101-Milan_Lombardy.html
6699,https://www.tripadvisor.it/Restaurant_Review-g187849-d24152135-Reviews-Neokisho_street_food-Milan_Lombardy.html
6700,https://www.tripadvisor.it/Restaurant_Review-g187849-d15863965-Reviews-Ristorante_Giapponese_Yuoshi-Milan_Lombardy.html
6701,https://www.tripadvisor.it/Restaurant_Review-g187849-d19780363-Reviews-Bar_Alimentari_dei_Portici-Milan_Lombardy.html
6702,https://www.tripadvisor.it/Restaurant_Review-g187849-d25276901-Reviews-Bonnie_Clyde_Friggitoria_e_Sfiziosita_Romane-Milan_Lombardy.html
6703,https://www.tripadvisor.it/Restaurant_Review-g187849-d15143793-Reviews-Caffe_Margherita-Milan_Lombardy.html
6704,https://www.tripadvisor.it/Restaurant_Review-g187849-d21367598-Reviews-Bar_La_Giada-Milan_Lombardy.html
6705,https://www.tripadvisor.it/Restaurant_Review-g187849-d20132981-Reviews-Osvi_Mari-Milan_Lombardy.html
6706,https://www.tripadvisor.it/Restaurant_Review-g187849-d23932000-Reviews-Ponte_Milvio_Cucina_Romana_Gastronomia-Milan_Lombardy.html
6707,https://www.tripadvisor.it/Restaurant_Review-g187849-d23630594-Reviews-Busbar-Milan_Lombardy.html
6708,https://www.tripadvisor.it/Restaurant_Review-g187849-d15606369-Reviews-La_nuova_Paneria-Milan_Lombardy.html
6709,https://www.tripadvisor.it/Restaurant_Review-g187849-d21315409-Reviews-Bar_Bagia_Cafe-Milan_Lombardy.html
6710,https://www.tripadvisor.it/Restaurant_Review-g187849-d21315403-Reviews-Pizza_Vera-Milan_Lombardy.html
6711,https://www.tripadvisor.it/Restaurant_Review-g187849-d24041502-Reviews-La_Pasteria_Da_Michela-Milan_Lombardy.html
6712,https://www.tripadvisor.it/Restaurant_Review-g187849-d23989940-Reviews-Wine_Broker-Milan_Lombardy.html
6713,https://www.tripadvisor.it/Restaurant_Review-g187849-d20286398-Reviews-Bar_Angelo_Azzurro-Milan_Lombardy.html
6714,https://www.tripadvisor.it/Restaurant_Review-g187849-d25069838-Reviews-Fourteen-Milan_Lombardy.html
6715,https://www.tripadvisor.it/Restaurant_Review-g187849-d21376130-Reviews-Bar_Blue_Angel_s-Milan_Lombardy.html
6716,https://www.tripadvisor.it/Restaurant_Review-g187849-d23732349-Reviews-Caffe_Mokafior-Milan_Lombardy.html
6717,https://www.tripadvisor.it/Restaurant_Review-g187849-d20903241-Reviews-Bar_Susa-Milan_Lombardy.html
6718,https://www.tripadvisor.it/Restaurant_Review-g187849-d20903240-Reviews-Bar_Boscoreale-Milan_Lombardy.html
6719,https://www.tripadvisor.it/Restaurant_Review-g187849-d25069590-Reviews-Prosper_African_Restaurant_Milano-Milan_Lombardy.html
6720,https://www.tripadvisor.it/Restaurant_Review-g187849-d25089922-Reviews-Kola-Milan_Lombardy.html
6721,https://www.tripadvisor.it/Restaurant_Review-g187849-d25275302-Reviews-Gerri-Milan_Lombardy.html
6722,https://www.tripadvisor.it/Restaurant_Review-g187849-d25089940-Reviews-Blu_Drink_Bar-Milan_Lombardy.html
6723,https://www.tripadvisor.it/Restaurant_Review-g187849-d25182563-Reviews-Panificio_Dordoni-Milan_Lombardy.html
6724,https://www.tripadvisor.it/Restaurant_Review-g187849-d20954359-Reviews-Bar_Rondo-Milan_Lombardy.html
6725,https://www.tripadvisor.it/Restaurant_Review-g187849-d20954358-Reviews-La_Choza_Nautica-Milan_Lombardy.html
6726,https://www.tripadvisor.it/Restaurant_Review-g187849-d20954346-Reviews-Punto_Pizza-Milan_Lombardy.html
6727,https://www.tripadvisor.it/Restaurant_Review-g187849-d20954342-Reviews-Kebab_Goha-Milan_Lombardy.html
6728,https://www.tripadvisor.it/Restaurant_Review-g187849-d19936545-Reviews-Eatmi_Bar-Milan_Lombardy.html
6729,https://www.tripadvisor.it/Restaurant_Review-g187849-d20954222-Reviews-Bar_i_Paparazzi-Milan_Lombardy.html
6730,https://www.tripadvisor.it/Restaurant_Review-g187849-d20954219-Reviews-La_Scarpetta-Milan_Lombardy.html
6731,https://www.tripadvisor.it/Restaurant_Review-g187849-d20954216-Reviews-Wine_Bar_Lidia-Milan_Lombardy.html
6732,https://www.tripadvisor.it/Restaurant_Review-g187849-d23423103-Reviews-Fresco_Cimmino_Brera-Milan_Lombardy.html
6733,https://www.tripadvisor.it/Restaurant_Review-g187849-d23320027-Reviews-Umami_Poke-Milan_Lombardy.html
6734,https://www.tripadvisor.it/Restaurant_Review-g187849-d25171374-Reviews-Cafe_Gorizia-Milan_Lombardy.html
6735,https://www.tripadvisor.it/Restaurant_Review-g187849-d25017031-Reviews-Katkut-Milan_Lombardy.html
6736,https://www.tripadvisor.it/Restaurant_Review-g187849-d17712579-Reviews-Rainforest-Milan_Lombardy.html
6737,https://www.tripadvisor.it/Restaurant_Review-g187849-d20953076-Reviews-Bar_Durante-Milan_Lombardy.html
6738,https://www.tripadvisor.it/Restaurant_Review-g187849-d20953066-Reviews-Pasticceria_Caffetteria_Panetteria_Spiga_d_Oro-Milan_Lombardy.html
6739,https://www.tripadvisor.it/Restaurant_Review-g187849-d20953052-Reviews-Gold_Finch_Bar-Milan_Lombardy.html
6740,https://www.tripadvisor.it/Restaurant_Review-g187849-d25081118-Reviews-Fast_Eat_Indian_chinese_Giapponese-Milan_Lombardy.html
6741,https://www.tripadvisor.it/Restaurant_Review-g187849-d13288836-Reviews-Josephine_Coffee_Bar-Milan_Lombardy.html
6742,https://www.tripadvisor.it/Restaurant_Review-g187849-d23061781-Reviews-Bar_Passero-Milan_Lombardy.html
6743,https://www.tripadvisor.it/Restaurant_Review-g187849-d23627542-Reviews-Queen_Food_and_Drink-Milan_Lombardy.html
6744,https://www.tripadvisor.it/Restaurant_Review-g187849-d25184253-Reviews-Bar_Friuli_69-Milan_Lombardy.html
6745,https://www.tripadvisor.it/Restaurant_Review-g187849-d25184256-Reviews-Signor_Lievito-Milan_Lombardy.html
6746,https://www.tripadvisor.it/Restaurant_Review-g187849-d25184269-Reviews-Bar_Grandi-Milan_Lombardy.html
6747,https://www.tripadvisor.it/Restaurant_Review-g187849-d25184272-Reviews-Gastronomia_Mongiello-Milan_Lombardy.html
6748,https://www.tripadvisor.it/Restaurant_Review-g187849-d25184288-Reviews-Caffe_Shalu-Milan_Lombardy.html
6749,https://www.tripadvisor.it/Restaurant_Review-g187849-d17660766-Reviews-Bagel_Factory-Milan_Lombardy.html
6750,https://www.tripadvisor.it/Restaurant_Review-g187849-d25081631-Reviews-Panificio_San_Giorgio-Milan_Lombardy.html
6751,https://www.tripadvisor.it/Restaurant_Review-g187849-d23987224-Reviews-Ichi_Station-Milan_Lombardy.html
6752,https://www.tripadvisor.it/Restaurant_Review-g187849-d23524277-Reviews-Amo_Art_Food_Sound-Milan_Lombardy.html
6753,https://www.tripadvisor.it/Restaurant_Review-g187849-d17711855-Reviews-Il_Grifone_Milano-Milan_Lombardy.html
6754,https://www.tripadvisor.it/Restaurant_Review-g187849-d24824663-Reviews-Tamarindo_Bar-Milan_Lombardy.html
6755,https://www.tripadvisor.it/Restaurant_Review-g187849-d23832805-Reviews-Alice-Milan_Lombardy.html
6756,https://www.tripadvisor.it/Restaurant_Review-g187849-d23935602-Reviews-Shannara_Bistrot-Milan_Lombardy.html
6757,https://www.tripadvisor.it/Restaurant_Review-g187849-d18380319-Reviews-Gambler_Milano-Milan_Lombardy.html
6758,https://www.tripadvisor.it/Restaurant_Review-g187849-d23935478-Reviews-Blow-Milan_Lombardy.html
6759,https://www.tripadvisor.it/Restaurant_Review-g187849-d20437676-Reviews-Tavola_Calda_Bar_Lucio-Milan_Lombardy.html
6760,https://www.tripadvisor.it/Restaurant_Review-g187849-d20951989-Reviews-Happy_Bar-Milan_Lombardy.html
6761,https://www.tripadvisor.it/Restaurant_Review-g187849-d20951907-Reviews-Bar_Oscar-Milan_Lombardy.html
6762,https://www.tripadvisor.it/Restaurant_Review-g187849-d20951903-Reviews-Bar_La_Versa_4-Milan_Lombardy.html
6763,https://www.tripadvisor.it/Restaurant_Review-g187849-d20951772-Reviews-Bar_Impero-Milan_Lombardy.html
6764,https://www.tripadvisor.it/Restaurant_Review-g187849-d23805544-Reviews-Bar_Porta_Romana-Milan_Lombardy.html
6765,https://www.tripadvisor.it/Restaurant_Review-g187849-d20951644-Reviews-Bar_Loreto-Milan_Lombardy.html
6766,https://www.tripadvisor.it/Restaurant_Review-g187849-d20951643-Reviews-Tajmahal-Milan_Lombardy.html
6767,https://www.tripadvisor.it/Restaurant_Review-g187849-d20951589-Reviews-The_Swan-Milan_Lombardy.html
6768,https://www.tripadvisor.it/Restaurant_Review-g187849-d21173670-Reviews-Blue_Angel_s-Milan_Lombardy.html
6769,https://www.tripadvisor.it/Restaurant_Review-g187849-d25272224-Reviews-Bar_Fortuna-Milan_Lombardy.html
6770,https://www.tripadvisor.it/Restaurant_Review-g187849-d17762372-Reviews-Bar_Donatello-Milan_Lombardy.html
6771,https://www.tripadvisor.it/Restaurant_Review-g187849-d21328197-Reviews-Casa_Nostra_Corvetto-Milan_Lombardy.html
6772,https://www.tripadvisor.it/Restaurant_Review-g187849-d21379742-Reviews-Gelateria_Bar_Puro_Bio-Milan_Lombardy.html
6773,https://www.tripadvisor.it/Restaurant_Review-g187849-d25134432-Reviews-Panificio_Drago-Milan_Lombardy.html
6774,https://www.tripadvisor.it/Restaurant_Review-g187849-d22905509-Reviews-Burger_King-Milan_Lombardy.html
6775,https://www.tripadvisor.it/Restaurant_Review-g187849-d23831374-Reviews-Pupuseria_Karina_100_Salvadorena-Milan_Lombardy.html
6776,https://www.tripadvisor.it/Restaurant_Review-g187849-d21328667-Reviews-Flor_Pipe_Enoteca_Bistrot-Milan_Lombardy.html
6777,https://www.tripadvisor.it/Restaurant_Review-g187849-d21380105-Reviews-Mi_Tao-Milan_Lombardy.html
6778,https://www.tripadvisor.it/Restaurant_Review-g187849-d25168691-Reviews-Rossi_Gaetano_Panificio-Milan_Lombardy.html
6779,https://www.tripadvisor.it/Restaurant_Review-g187849-d20076286-Reviews-Baita_dell_Alpino-Milan_Lombardy.html
6780,https://www.tripadvisor.it/Restaurant_Review-g187849-d25065646-Reviews-Bowls_And_More-Milan_Lombardy.html
6781,https://www.tripadvisor.it/Restaurant_Review-g187849-d25065645-Reviews-Bowls_And_More-Milan_Lombardy.html
6782,https://www.tripadvisor.it/Restaurant_Review-g187849-d25065641-Reviews-La_Piadineria-Milan_Lombardy.html
6783,https://www.tripadvisor.it/Restaurant_Review-g187849-d25065634-Reviews-Mang_Isidro_Chicken-Milan_Lombardy.html
6784,https://www.tripadvisor.it/Restaurant_Review-g187849-d25065629-Reviews-Margarita_Bar_Tavola_Calda-Milan_Lombardy.html
6785,https://www.tripadvisor.it/Restaurant_Review-g187849-d25065626-Reviews-Romana_119-Milan_Lombardy.html
6786,https://www.tripadvisor.it/Restaurant_Review-g187849-d17710119-Reviews-Double_Z-Milan_Lombardy.html
6787,https://www.tripadvisor.it/Restaurant_Review-g187849-d25065599-Reviews-Bar_D_oro-Milan_Lombardy.html
6788,https://www.tripadvisor.it/Restaurant_Review-g187849-d25065596-Reviews-Il_Bar_Di_Mario_Mario-Milan_Lombardy.html
6789,https://www.tripadvisor.it/Restaurant_Review-g187849-d25065595-Reviews-Panificio_Meraviglia_Di_Pane-Milan_Lombardy.html
6790,https://www.tripadvisor.it/Restaurant_Review-g187849-d25065592-Reviews-Bar_Brenta-Milan_Lombardy.html
6791,https://www.tripadvisor.it/Restaurant_Review-g187849-d25065587-Reviews-Pizzeria_Bella_Napoli-Milan_Lombardy.html
6792,https://www.tripadvisor.it/Restaurant_Review-g187849-d25065567-Reviews-Chiceasy-Milan_Lombardy.html
6793,https://www.tripadvisor.it/Restaurant_Review-g187849-d21001857-Reviews-Scooby_Bar-Milan_Lombardy.html
6794,https://www.tripadvisor.it/Restaurant_Review-g187849-d19509938-Reviews-F_Lounge_Cafe_e_Restaurant-Milan_Lombardy.html
6795,https://www.tripadvisor.it/Restaurant_Review-g187849-d13131713-Reviews-Solopesce-Milan_Lombardy.html
6796,https://www.tripadvisor.it/Restaurant_Review-g187849-d21875985-Reviews-Adriatico-Milan_Lombardy.html
6797,https://www.tripadvisor.it/Restaurant_Review-g187849-d19509852-Reviews-Thanks_Mama-Milan_Lombardy.html
6798,https://www.tripadvisor.it/Restaurant_Review-g187849-d20951750-Reviews-Special_Bar-Milan_Lombardy.html
6799,https://www.tripadvisor.it/Restaurant_Review-g187849-d20951762-Reviews-Bar_Arici-Milan_Lombardy.html
6800,https://www.tripadvisor.it/Restaurant_Review-g187849-d23624766-Reviews-Ristorante_Meat_a_Pizza-Milan_Lombardy.html
6801,https://www.tripadvisor.it/Restaurant_Review-g187849-d25032734-Reviews-Rom_antica_Ponte_Vetero-Milan_Lombardy.html
6802,https://www.tripadvisor.it/Restaurant_Review-g187849-d24859040-Reviews-Bar_Levante-Milan_Lombardy.html
6803,https://www.tripadvisor.it/Restaurant_Review-g187849-d20951887-Reviews-Milano_Cafe-Milan_Lombardy.html
6804,https://www.tripadvisor.it/Restaurant_Review-g187849-d20951910-Reviews-Caffe_Al_91-Milan_Lombardy.html
6805,https://www.tripadvisor.it/Restaurant_Review-g187849-d23778772-Reviews-Street_food-Milan_Lombardy.html
6806,https://www.tripadvisor.it/Restaurant_Review-g187849-d21309775-Reviews-Urban_Paul_Bar_Bistrot-Milan_Lombardy.html
6807,https://www.tripadvisor.it/Restaurant_Review-g187849-d21309728-Reviews-Pane_amore_e_le_nostre_fantasie-Milan_Lombardy.html
6808,https://www.tripadvisor.it/Restaurant_Review-g187849-d23984363-Reviews-Quanta_Club-Milan_Lombardy.html
6809,https://www.tripadvisor.it/Restaurant_Review-g187849-d23521383-Reviews-Officina_Design_Cafe-Milan_Lombardy.html
6810,https://www.tripadvisor.it/Restaurant_Review-g187849-d25270232-Reviews-L_angolo_Del_Dessert-Milan_Lombardy.html
6811,https://www.tripadvisor.it/Restaurant_Review-g187849-d8707487-Reviews-Il_Borsieri-Milan_Lombardy.html
6812,https://www.tripadvisor.it/Restaurant_Review-g187849-d23881362-Reviews-Dal_Bocia_Enoteca-Milan_Lombardy.html
6813,https://www.tripadvisor.it/Restaurant_Review-g187849-d20898005-Reviews-Panificio_Pasticceria_Luisa_Lomazzi-Milan_Lombardy.html
6814,https://www.tripadvisor.it/Restaurant_Review-g187849-d20898004-Reviews-Bar_Elisa-Milan_Lombardy.html
6815,https://www.tripadvisor.it/Restaurant_Review-g187849-d20898002-Reviews-Pizzeria_Santa_Maria_2-Milan_Lombardy.html
6816,https://www.tripadvisor.it/Restaurant_Review-g187849-d20897994-Reviews-Kebab_Pizzeria_Monfalcone-Milan_Lombardy.html
6817,https://www.tripadvisor.it/Restaurant_Review-g187849-d25270133-Reviews-Panetteria_Delizie_Antiche-Milan_Lombardy.html
6818,https://www.tripadvisor.it/Restaurant_Review-g187849-d25270125-Reviews-Cafezal_Specialty_Coffee_Hub-Milan_Lombardy.html
6819,https://www.tripadvisor.it/Restaurant_Review-g187849-d20280640-Reviews-Pizzeria_Gloria-Milan_Lombardy.html
6820,https://www.tripadvisor.it/Restaurant_Review-g187849-d20280612-Reviews-L_Italia_in_Cucina-Milan_Lombardy.html
6821,https://www.tripadvisor.it/Restaurant_Review-g187849-d25269952-Reviews-Chiara_Gourmet-Milan_Lombardy.html
6822,https://www.tripadvisor.it/Restaurant_Review-g187849-d21000676-Reviews-Caffe_del_Sole-Milan_Lombardy.html
6823,https://www.tripadvisor.it/Restaurant_Review-g187849-d23881078-Reviews-MooD_F205-Milan_Lombardy.html
6824,https://www.tripadvisor.it/Restaurant_Review-g187849-d20301806-Reviews-Pizzeria_Pulcinella-Milan_Lombardy.html
6825,https://www.tripadvisor.it/Restaurant_Review-g187849-d21021929-Reviews-Luna_Pub-Milan_Lombardy.html
6826,https://www.tripadvisor.it/Restaurant_Review-g187849-d21021976-Reviews-Classic_Bar-Milan_Lombardy.html
6827,https://www.tripadvisor.it/Restaurant_Review-g187849-d21021980-Reviews-Restaurante_SABOR_Latino-Milan_Lombardy.html
6828,https://www.tripadvisor.it/Restaurant_Review-g187849-d14107684-Reviews-Pizzeria_Bar_82-Milan_Lombardy.html
6829,https://www.tripadvisor.it/Restaurant_Review-g187849-d23542536-Reviews-Mitu-Milan_Lombardy.html
6830,https://www.tripadvisor.it/Restaurant_Review-g187849-d23417471-Reviews-Taste_Room-Milan_Lombardy.html
6831,https://www.tripadvisor.it/Restaurant_Review-g187849-d23524317-Reviews-Pokemania_Bistrot-Milan_Lombardy.html
6832,https://www.tripadvisor.it/Restaurant_Review-g187849-d17399125-Reviews-Il_Salotto-Milan_Lombardy.html
6833,https://www.tripadvisor.it/Restaurant_Review-g187849-d20793960-Reviews-Nuovo_Forno_Ortica-Milan_Lombardy.html
6834,https://www.tripadvisor.it/Restaurant_Review-g187849-d25011744-Reviews-Bar_Van_Gogh-Milan_Lombardy.html
6835,https://www.tripadvisor.it/Restaurant_Review-g187849-d21074488-Reviews-Parini_Milano_Restaurant-Milan_Lombardy.html
6836,https://www.tripadvisor.it/Restaurant_Review-g187849-d21359360-Reviews-Vizi_e_Sfizi_Milano-Milan_Lombardy.html
6837,https://www.tripadvisor.it/Restaurant_Review-g187849-d9991733-Reviews-Bar_Christian-Milan_Lombardy.html
6838,https://www.tripadvisor.it/Restaurant_Review-g187849-d15701205-Reviews-Bar_Felice-Milan_Lombardy.html
6839,https://www.tripadvisor.it/Restaurant_Review-g187849-d21186652-Reviews-Stranobar-Milan_Lombardy.html
6840,https://www.tripadvisor.it/Restaurant_Review-g187849-d16884207-Reviews-Da_Bella_Bar_Bistrot-Milan_Lombardy.html
6841,https://www.tripadvisor.it/Restaurant_Review-g187849-d24959810-Reviews-Bar_Migliarini-Milan_Lombardy.html
6842,https://www.tripadvisor.it/Restaurant_Review-g187849-d25011224-Reviews-Caffe_Milano-Milan_Lombardy.html
6843,https://www.tripadvisor.it/Restaurant_Review-g187849-d25268310-Reviews-U_Barba_Bottega_Genovese-Milan_Lombardy.html
6844,https://www.tripadvisor.it/Restaurant_Review-g187849-d23827800-Reviews-Gram_Bangla-Milan_Lombardy.html
6845,https://www.tripadvisor.it/Restaurant_Review-g187849-d17295289-Reviews-Cafe_124-Milan_Lombardy.html
6846,https://www.tripadvisor.it/Restaurant_Review-g187849-d25268011-Reviews-Dispensa_Emilia_milano_Bicocca-Milan_Lombardy.html
6847,https://www.tripadvisor.it/Restaurant_Review-g187849-d24136268-Reviews-Michele_Ming_Bar-Milan_Lombardy.html
6848,https://www.tripadvisor.it/Restaurant_Review-g187849-d24135857-Reviews-L_angolo-Milan_Lombardy.html
6849,https://www.tripadvisor.it/Restaurant_Review-g187849-d24135854-Reviews-Empire_Cafe-Milan_Lombardy.html
6850,https://www.tripadvisor.it/Restaurant_Review-g187849-d23904463-Reviews-Sushisu-Milan_Lombardy.html
6851,https://www.tripadvisor.it/Restaurant_Review-g187849-d24135830-Reviews-Chez_Jose_L_Ambassade_Du_Koo-Milan_Lombardy.html
6852,https://www.tripadvisor.it/Restaurant_Review-g187849-d16643639-Reviews-Pizza_Kebab_Nada-Milan_Lombardy.html
6853,https://www.tripadvisor.it/Restaurant_Review-g187849-d24058944-Reviews-Flower_Burger_Muratori-Milan_Lombardy.html
6854,https://www.tripadvisor.it/Restaurant_Review-g187849-d21358042-Reviews-Bar_Palladio-Milan_Lombardy.html
6855,https://www.tripadvisor.it/Restaurant_Review-g187849-d25061248-Reviews-Zhan_s_Wine_Srl-Milan_Lombardy.html
6856,https://www.tripadvisor.it/Restaurant_Review-g187849-d24985078-Reviews-Alice_Pizza-Milan_Lombardy.html
6857,https://www.tripadvisor.it/Restaurant_Review-g187849-d25242306-Reviews-La_Pezzara_di_Andrea_Romolo_dal_1994-Milan_Lombardy.html
6858,https://www.tripadvisor.it/Restaurant_Review-g187849-d15287969-Reviews-Streat_Food_Beers-Milan_Lombardy.html
6859,https://www.tripadvisor.it/Restaurant_Review-g187849-d21048604-Reviews-Bar_Xxi_Secolo-Milan_Lombardy.html
6860,https://www.tripadvisor.it/Restaurant_Review-g187849-d21357004-Reviews-Ca_Mia_Da_Marcelo-Milan_Lombardy.html
6861,https://www.tripadvisor.it/Restaurant_Review-g187849-d23825933-Reviews-Panificio_Dolci_Sapori-Milan_Lombardy.html
6862,https://www.tripadvisor.it/Restaurant_Review-g187849-d25088755-Reviews-Pan_Caffe-Milan_Lombardy.html
6863,https://www.tripadvisor.it/Restaurant_Review-g187849-d20996801-Reviews-Pane_E-Milan_Lombardy.html
6864,https://www.tripadvisor.it/Restaurant_Review-g187849-d25088805-Reviews-New_Forno_Modestino-Milan_Lombardy.html
6865,https://www.tripadvisor.it/Restaurant_Review-g187849-d25088816-Reviews-Alice_Pizza-Milan_Lombardy.html
6866,https://www.tripadvisor.it/Restaurant_Review-g187849-d23414311-Reviews-Salad_Twist-Milan_Lombardy.html
6867,https://www.tripadvisor.it/Restaurant_Review-g187849-d25088834-Reviews-Bar_Pegasus-Milan_Lombardy.html
6868,https://www.tripadvisor.it/Restaurant_Review-g187849-d25088860-Reviews-Ariosto_Social_Club-Milan_Lombardy.html
6869,https://www.tripadvisor.it/Restaurant_Review-g187849-d25088887-Reviews-Mr_Jiao-Milan_Lombardy.html
6870,https://www.tripadvisor.it/Restaurant_Review-g187849-d21226988-Reviews-Mc_Donald_s_Piazza_Argentina-Milan_Lombardy.html
6871,https://www.tripadvisor.it/Restaurant_Review-g187849-d25088899-Reviews-Salad_House-Milan_Lombardy.html
6872,https://www.tripadvisor.it/Restaurant_Review-g187849-d25088930-Reviews-Piccolo_Bar-Milan_Lombardy.html
6873,https://www.tripadvisor.it/Restaurant_Review-g187849-d24082873-Reviews-Verdegenuino-Milan_Lombardy.html
6874,https://www.tripadvisor.it/Restaurant_Review-g187849-d24986126-Reviews-Manu_Caffe-Milan_Lombardy.html
6875,https://www.tripadvisor.it/Restaurant_Review-g187849-d23803199-Reviews-La_Piadineria-Milan_Lombardy.html
6876,https://www.tripadvisor.it/Restaurant_Review-g187849-d25265837-Reviews-Bowls_And_More-Milan_Lombardy.html
6877,https://www.tripadvisor.it/Restaurant_Review-g187849-d25265834-Reviews-Bowls_And_More-Milan_Lombardy.html
6878,https://www.tripadvisor.it/Restaurant_Review-g187849-d20379239-Reviews-Cafe_Il_Veliero-Milan_Lombardy.html
6879,https://www.tripadvisor.it/Restaurant_Review-g187849-d20379236-Reviews-Caffe_51-Milan_Lombardy.html
6880,https://www.tripadvisor.it/Restaurant_Review-g187849-d20379234-Reviews-Madia_Di_Ahmed-Milan_Lombardy.html
6881,https://www.tripadvisor.it/Restaurant_Review-g187849-d23979792-Reviews-Pizzeria_Pace_2-Milan_Lombardy.html
6882,https://www.tripadvisor.it/Restaurant_Review-g187849-d21304931-Reviews-Come_a_Casa-Milan_Lombardy.html
6883,https://www.tripadvisor.it/Restaurant_Review-g187849-d20379047-Reviews-Bar_One-Milan_Lombardy.html
6884,https://www.tripadvisor.it/Restaurant_Review-g187849-d25265559-Reviews-Beefbar_Milano-Milan_Lombardy.html
6885,https://www.tripadvisor.it/Restaurant_Review-g187849-d23963268-Reviews-Da_Ciccio_Paolo-Milan_Lombardy.html
6886,https://www.tripadvisor.it/Restaurant_Review-g187849-d23979400-Reviews-Cabbucio-Milan_Lombardy.html
6887,https://www.tripadvisor.it/Restaurant_Review-g187849-d17549690-Reviews-El_Pastee_de_Milan_Solari-Milan_Lombardy.html
6888,https://www.tripadvisor.it/Restaurant_Review-g187849-d25089921-Reviews-Fifteen_Bar-Milan_Lombardy.html
6889,https://www.tripadvisor.it/Restaurant_Review-g187849-d25089963-Reviews-Caffe_Del_Dom-Milan_Lombardy.html
6890,https://www.tripadvisor.it/Restaurant_Review-g187849-d21406910-Reviews-Restaurant_Cafe_EXKi-Milan_Lombardy.html
6891,https://www.tripadvisor.it/Restaurant_Review-g187849-d23622482-Reviews-Greedy-Milan_Lombardy.html
6892,https://www.tripadvisor.it/Restaurant_Review-g187849-d19657836-Reviews-Bar_Bl_u-Milan_Lombardy.html
6893,https://www.tripadvisor.it/Restaurant_Review-g187849-d23547603-Reviews-Pokiche-Milan_Lombardy.html
6894,https://www.tripadvisor.it/Restaurant_Review-g187849-d24081086-Reviews-Capricci-Milan_Lombardy.html
6895,https://www.tripadvisor.it/Restaurant_Review-g187849-d8341248-Reviews-Waiting-Milan_Lombardy.html
6896,https://www.tripadvisor.it/Restaurant_Review-g187849-d24959997-Reviews-Alice_Pizza-Milan_Lombardy.html
6897,https://www.tripadvisor.it/Restaurant_Review-g187849-d23566459-Reviews-People_s_Place-Milan_Lombardy.html
6898,https://www.tripadvisor.it/Restaurant_Review-g187849-d23463447-Reviews-Nepal_Fast_Food-Milan_Lombardy.html
6899,https://www.tripadvisor.it/Restaurant_Review-g187849-d23279904-Reviews-Il_Muretto_Bar-Milan_Lombardy.html
6900,https://www.tripadvisor.it/Restaurant_Review-g187849-d23154656-Reviews-Bio_Solaire-Milan_Lombardy.html
6901,https://www.tripadvisor.it/Restaurant_Review-g187849-d23856916-Reviews-Nilda_s_Lechon-Milan_Lombardy.html
6902,https://www.tripadvisor.it/Restaurant_Review-g187849-d17599386-Reviews-Bar_D_Angelo-Milan_Lombardy.html
6903,https://www.tripadvisor.it/Restaurant_Review-g187849-d20839858-Reviews-Hela_Chicken-Milan_Lombardy.html
6904,https://www.tripadvisor.it/Restaurant_Review-g187849-d25160556-Reviews-Bahia_Brazilian_Sushi-Milan_Lombardy.html
6905,https://www.tripadvisor.it/Restaurant_Review-g187849-d24851854-Reviews-Pizzeria_Kebab_Tasty-Milan_Lombardy.html
6906,https://www.tripadvisor.it/Restaurant_Review-g187849-d19862324-Reviews-Miro_Caffe-Milan_Lombardy.html
6907,https://www.tripadvisor.it/Restaurant_Review-g187849-d19862293-Reviews-Bar_Armony-Milan_Lombardy.html
6908,https://www.tripadvisor.it/Restaurant_Review-g187849-d19862281-Reviews-Linea_84-Milan_Lombardy.html
6909,https://www.tripadvisor.it/Restaurant_Review-g187849-d21611019-Reviews-El_Prestin_Bistrot-Milan_Lombardy.html
6910,https://www.tripadvisor.it/Restaurant_Review-g187849-d23703198-Reviews-Black_Pepper-Milan_Lombardy.html
6911,https://www.tripadvisor.it/Restaurant_Review-g187849-d16672892-Reviews-Taste-Milan_Lombardy.html
6912,https://www.tripadvisor.it/Restaurant_Review-g187849-d21286039-Reviews-MaLu_Bar-Milan_Lombardy.html
6913,https://www.tripadvisor.it/Restaurant_Review-g187849-d23873945-Reviews-Poke_House_Cadorna-Milan_Lombardy.html
6914,https://www.tripadvisor.it/Restaurant_Review-g187849-d8339956-Reviews-Tratt_Bar_Tab-Milan_Lombardy.html
6915,https://www.tripadvisor.it/Restaurant_Review-g187849-d24902661-Reviews-Chocolat_Cafe_Milano-Milan_Lombardy.html
6916,https://www.tripadvisor.it/Restaurant_Review-g187849-d8339874-Reviews-Palazzo_Lombardia-Milan_Lombardy.html
6917,https://www.tripadvisor.it/Restaurant_Review-g187849-d25108311-Reviews-Bowls_And_More-Milan_Lombardy.html
6918,https://www.tripadvisor.it/Restaurant_Review-g187849-d8339835-Reviews-Green-Milan_Lombardy.html
6919,https://www.tripadvisor.it/Restaurant_Review-g187849-d25108287-Reviews-Bar_Paperoga-Milan_Lombardy.html
6920,https://www.tripadvisor.it/Restaurant_Review-g187849-d8339818-Reviews-Tabacchi-Milan_Lombardy.html
6921,https://www.tripadvisor.it/Restaurant_Review-g187849-d8339778-Reviews-Piccolo_Bar_Gran_Caffe-Milan_Lombardy.html
6922,https://www.tripadvisor.it/Restaurant_Review-g187849-d8339730-Reviews-Bar_Boccaccio-Milan_Lombardy.html
6923,https://www.tripadvisor.it/Restaurant_Review-g187849-d21353140-Reviews-11_Sushi_Music-Milan_Lombardy.html
6924,https://www.tripadvisor.it/Restaurant_Review-g187849-d21198611-Reviews-Ristorante_Mina-Milan_Lombardy.html
6925,https://www.tripadvisor.it/Restaurant_Review-g187849-d20941349-Reviews-Kashmir_Takeway_Halal_Food-Milan_Lombardy.html
6926,https://www.tripadvisor.it/Restaurant_Review-g187849-d21506920-Reviews-La_Piadineria-Milan_Lombardy.html
6927,https://www.tripadvisor.it/Restaurant_Review-g187849-d21506919-Reviews-Pomodorini_e_Basilico-Milan_Lombardy.html
6928,https://www.tripadvisor.it/Restaurant_Review-g187849-d21506911-Reviews-KAPE-Milan_Lombardy.html
6929,https://www.tripadvisor.it/Restaurant_Review-g187849-d21492847-Reviews-Pizzeria_Gioia-Milan_Lombardy.html
6930,https://www.tripadvisor.it/Restaurant_Review-g187849-d25107280-Reviews-Daniel_s_Bar-Milan_Lombardy.html
6931,https://www.tripadvisor.it/Restaurant_Review-g187849-d25107278-Reviews-Pizza_Club_Gourmet_Cafe-Milan_Lombardy.html
6932,https://www.tripadvisor.it/Restaurant_Review-g187849-d25158617-Reviews-Grouse_Rotisserie-Milan_Lombardy.html
6933,https://www.tripadvisor.it/Restaurant_Review-g187849-d24129829-Reviews-Mr_Martino-Milan_Lombardy.html
6934,https://www.tripadvisor.it/Restaurant_Review-g187849-d8338634-Reviews-Mexico-Milan_Lombardy.html
6935,https://www.tripadvisor.it/Restaurant_Review-g187849-d23615415-Reviews-Mare_Nostro_Milano_Bosco_Verticale-Milan_Lombardy.html
6936,https://www.tripadvisor.it/Restaurant_Review-g187849-d8338617-Reviews-Harmony-Milan_Lombardy.html
6937,https://www.tripadvisor.it/Restaurant_Review-g187849-d23821139-Reviews-Flip_Eat-Milan_Lombardy.html
6938,https://www.tripadvisor.it/Restaurant_Review-g187849-d8338579-Reviews-Select-Milan_Lombardy.html
6939,https://www.tripadvisor.it/Restaurant_Review-g187849-d8338576-Reviews-Caffe_Pagano-Milan_Lombardy.html
6940,https://www.tripadvisor.it/Restaurant_Review-g187849-d8338547-Reviews-Baja_Cafe-Milan_Lombardy.html
6941,https://www.tripadvisor.it/Restaurant_Review-g187849-d8338487-Reviews-Bahia_Bar-Milan_Lombardy.html
6942,https://www.tripadvisor.it/Restaurant_Review-g187849-d8338281-Reviews-Wjc_Caffe-Milan_Lombardy.html
6943,https://www.tripadvisor.it/Restaurant_Review-g187849-d25157934-Reviews-Bentobus_2-Milan_Lombardy.html
6944,https://www.tripadvisor.it/Restaurant_Review-g187849-d25020023-Reviews-Bar_Centrale_Davide-Milan_Lombardy.html
6945,https://www.tripadvisor.it/Restaurant_Review-g187849-d21351370-Reviews-Top_Bar-Milan_Lombardy.html
6946,https://www.tripadvisor.it/Restaurant_Review-g187849-d21351287-Reviews-Pasticceria_Totaro-Milan_Lombardy.html
6947,https://www.tripadvisor.it/Restaurant_Review-g187849-d23580030-Reviews-Caffe_Diamante-Milan_Lombardy.html
6948,https://www.tripadvisor.it/Restaurant_Review-g187849-d24025909-Reviews-Silk_Road-Milan_Lombardy.html
6949,https://www.tripadvisor.it/Restaurant_Review-g187849-d24025906-Reviews-Fior_Di_Pane-Milan_Lombardy.html
6950,https://www.tripadvisor.it/Restaurant_Review-g187849-d24025904-Reviews-Caffe_Degli_Artisti-Milan_Lombardy.html
6951,https://www.tripadvisor.it/Restaurant_Review-g187849-d24025901-Reviews-Nazca_Bar-Milan_Lombardy.html
6952,https://www.tripadvisor.it/Restaurant_Review-g187849-d24025863-Reviews-Traffic_Lights-Milan_Lombardy.html
6953,https://www.tripadvisor.it/Restaurant_Review-g187849-d23860251-Reviews-Sapuri-Milan_Lombardy.html
6954,https://www.tripadvisor.it/Restaurant_Review-g187849-d24014562-Reviews-37_Gradi_Livehouse-Milan_Lombardy.html
6955,https://www.tripadvisor.it/Restaurant_Review-g187849-d25157094-Reviews-Trattoria_Tricolore-Milan_Lombardy.html
6956,https://www.tripadvisor.it/Restaurant_Review-g187849-d23202468-Reviews-Il_Vinaccio-Milan_Lombardy.html
6957,https://www.tripadvisor.it/Restaurant_Review-g187849-d23734605-Reviews-Cosmesi_Caffe-Milan_Lombardy.html
6958,https://www.tripadvisor.it/Restaurant_Review-g187849-d25184258-Reviews-Panificio_Valendino-Milan_Lombardy.html
6959,https://www.tripadvisor.it/Restaurant_Review-g187849-d24067035-Reviews-D_sumare_Restaurante_Polleria-Milan_Lombardy.html
6960,https://www.tripadvisor.it/Restaurant_Review-g187849-d24067037-Reviews-Radhuni_Indian_Restaurant-Milan_Lombardy.html
6961,https://www.tripadvisor.it/Restaurant_Review-g187849-d24067038-Reviews-Cleopatra_Pizza-Milan_Lombardy.html
6962,https://www.tripadvisor.it/Restaurant_Review-g187849-d24067206-Reviews-Coba_Happy_Hour_Navigli_Milano-Milan_Lombardy.html
6963,https://www.tripadvisor.it/Restaurant_Review-g187849-d24795752-Reviews-Davet_Turkish_Kebap_Pizzeria_Grill-Milan_Lombardy.html
6964,https://www.tripadvisor.it/Restaurant_Review-g187849-d25250957-Reviews-La_Buttiga_Franco_s_Room-Milan_Lombardy.html
6965,https://www.tripadvisor.it/Restaurant_Review-g187849-d20879569-Reviews-Nk_Bar-Milan_Lombardy.html
6966,https://www.tripadvisor.it/Restaurant_Review-g187849-d25102886-Reviews-Caffe_Vergnano_1882-Milan_Lombardy.html
6967,https://www.tripadvisor.it/Restaurant_Review-g187849-d25256649-Reviews-Hekfan-Milan_Lombardy.html
6968,https://www.tripadvisor.it/Restaurant_Review-g187849-d23404668-Reviews-La_Puccia_Ignorante_XXL-Milan_Lombardy.html
6969,https://www.tripadvisor.it/Restaurant_Review-g187849-d25255571-Reviews-Wine_time_milano-Milan_Lombardy.html
